/* SQL Manager Lite for MySQL                              5.8.0.53936 */
/* ------------------------------------------------------------------- */
/* Host     : localhost                                                */
/* Port     : 3306                                                     */
/* Database : ip_prog                                                  */


/*!40101 SET @OLD_CHARACTER_SET_CLIENT=@@CHARACTER_SET_CLIENT */;
/*!40101 SET @OLD_CHARACTER_SET_RESULTS=@@CHARACTER_SET_RESULTS */;
/*!40101 SET @OLD_COLLATION_CONNECTION=@@COLLATION_CONNECTION */;
/*!40101 SET NAMES 'utf8mb4' */;

SET FOREIGN_KEY_CHECKS=0;

CREATE DATABASE `ip_prog`
    CHARACTER SET 'utf8'
    COLLATE 'utf8_general_ci';

USE `ip_prog`;

/* Structure for the `address` table : */

CREATE TABLE `address` (
  `id_address` INTEGER(3) UNSIGNED NOT NULL AUTO_INCREMENT,
  `n_address` VARCHAR(35) COLLATE cp1251_general_ci DEFAULT NULL,
  `id_station` INTEGER(2) DEFAULT 0,
  `note` VARCHAR(20) COLLATE cp1251_general_ci DEFAULT NULL,
  PRIMARY KEY USING BTREE (`id_address`),
  UNIQUE KEY `id_address` USING BTREE (`id_address`)
) ENGINE=MyISAM
AUTO_INCREMENT=18 CHARACTER SET 'cp1251' COLLATE 'cp1251_general_ci'
;

/* Structure for the `building` table : */

CREATE TABLE `building` (
  `id_building` INTEGER(3) UNSIGNED NOT NULL AUTO_INCREMENT,
  `n_building` VARCHAR(14) COLLATE cp1251_general_ci DEFAULT NULL COMMENT 'название здания',
  `id_address` INTEGER(3) DEFAULT 0,
  `note` VARCHAR(20) COLLATE cp1251_general_ci DEFAULT NULL,
  PRIMARY KEY USING BTREE (`id_building`),
  UNIQUE KEY `id_building` USING BTREE (`id_building`),
  UNIQUE KEY `building_idx1` USING BTREE (`n_building`, `id_address`)
) ENGINE=MyISAM
AUTO_INCREMENT=30 CHARACTER SET 'cp1251' COLLATE 'cp1251_general_ci'
;

/* Structure for the `f_monitor` table : */

CREATE TABLE `f_monitor` (
  `id_monitor` INTEGER(5) UNSIGNED NOT NULL AUTO_INCREMENT,
  `n_monitor` VARCHAR(40) COLLATE cp1251_general_ci DEFAULT NULL,
  `foto_monitor` VARCHAR(25) COLLATE cp1251_general_ci DEFAULT NULL,
  UNIQUE KEY `id_sysblok_new` USING BTREE (`id_monitor`),
  UNIQUE KEY `n_monitor` USING BTREE (`n_monitor`)
) ENGINE=MyISAM
AUTO_INCREMENT=8 CHARACTER SET 'cp1251' COLLATE 'cp1251_general_ci'
;

/* Structure for the `f_printer` table : */

CREATE TABLE `f_printer` (
  `id_printer` INTEGER(5) UNSIGNED NOT NULL AUTO_INCREMENT,
  `n_printer` VARCHAR(40) COLLATE cp1251_general_ci DEFAULT NULL,
  `foto_printer` VARCHAR(25) COLLATE cp1251_general_ci DEFAULT NULL,
  UNIQUE KEY `id_sysblok_new_new` USING BTREE (`id_printer`),
  UNIQUE KEY `n_printer` USING BTREE (`n_printer`)
) ENGINE=MyISAM
AUTO_INCREMENT=25 CHARACTER SET 'cp1251' COLLATE 'cp1251_general_ci'
;

/* Structure for the `f_scaner` table : */

CREATE TABLE `f_scaner` (
  `id_scaner` INTEGER(5) UNSIGNED NOT NULL AUTO_INCREMENT,
  `n_scaner` VARCHAR(40) COLLATE cp1251_general_ci DEFAULT NULL,
  `foto_scaner` VARCHAR(25) COLLATE cp1251_general_ci DEFAULT '0' COMMENT 'фото сканера',
  UNIQUE KEY `id_sysblok_new_new` USING BTREE (`id_scaner`),
  UNIQUE KEY `n_scaner` USING BTREE (`n_scaner`)
) ENGINE=MyISAM
AUTO_INCREMENT=1 CHARACTER SET 'cp1251' COLLATE 'cp1251_general_ci'
;

/* Structure for the `f_sysunit` table : */

CREATE TABLE `f_sysunit` (
  `id_sysunit` INTEGER(5) UNSIGNED NOT NULL AUTO_INCREMENT,
  `n_sysunit` VARCHAR(40) COLLATE cp1251_general_ci DEFAULT NULL,
  `foto_sysunit` VARCHAR(25) COLLATE cp1251_general_ci DEFAULT NULL,
  UNIQUE KEY `id_sysblok` USING BTREE (`id_sysunit`),
  UNIQUE KEY `n_sysunit` USING BTREE (`n_sysunit`)
) ENGINE=MyISAM
AUTO_INCREMENT=9 CHARACTER SET 'cp1251' COLLATE 'cp1251_general_ci'
;

/* Structure for the `f_ups` table : */

CREATE TABLE `f_ups` (
  `id_ups` INTEGER(5) UNSIGNED NOT NULL AUTO_INCREMENT,
  `n_ups` VARCHAR(40) COLLATE cp1251_general_ci DEFAULT NULL,
  `foto_ups` VARCHAR(25) COLLATE cp1251_general_ci DEFAULT NULL,
  UNIQUE KEY `id_sysblok_new` USING BTREE (`id_ups`),
  UNIQUE KEY `n_ups` USING BTREE (`n_ups`)
) ENGINE=MyISAM
AUTO_INCREMENT=7 CHARACTER SET 'cp1251' COLLATE 'cp1251_general_ci'
;

/* Structure for the `ip_table` table : */

CREATE TABLE `ip_table` (
  `id_ip` INTEGER(6) UNSIGNED NOT NULL AUTO_INCREMENT,
  `id_management` INTEGER(3) UNSIGNED NOT NULL,
  `id_shluz_m` INTEGER(3) UNSIGNED NOT NULL DEFAULT 3,
  `id_place` INTEGER(4) UNSIGNED DEFAULT 0,
  `n_ip` VARCHAR(15) COLLATE cp1251_general_ci DEFAULT NULL,
  PRIMARY KEY USING BTREE (`id_ip`),
  UNIQUE KEY `id_ip` USING BTREE (`id_ip`),
  UNIQUE KEY `ip_adress` USING BTREE (`n_ip`)
) ENGINE=MyISAM
AUTO_INCREMENT=2203 CHARACTER SET 'cp1251' COLLATE 'cp1251_general_ci'
;

/* Structure for the `manag_state` table : */

CREATE TABLE `manag_state` (
  `id_s_m` INTEGER(4) UNSIGNED NOT NULL AUTO_INCREMENT,
  `id_management` INTEGER(3) UNSIGNED NOT NULL,
  `id_station` INTEGER(3) UNSIGNED NOT NULL,
  PRIMARY KEY USING BTREE (`id_s_m`),
  UNIQUE KEY `id` USING BTREE (`id_s_m`),
  UNIQUE KEY `manag_state_idx1` USING BTREE (`id_station`, `id_management`)
) ENGINE=MyISAM
AUTO_INCREMENT=78 ROW_FORMAT=FIXED CHARACTER SET 'cp1251' COLLATE 'cp1251_general_ci'
;

/* Structure for the `management` table : */

CREATE TABLE `management` (
  `id_management` INTEGER(3) NOT NULL AUTO_INCREMENT,
  `n_management` VARCHAR(20) COLLATE cp1251_general_ci DEFAULT NULL,
  `note` VARCHAR(20) COLLATE cp1251_general_ci DEFAULT NULL,
  PRIMARY KEY USING BTREE (`id_management`),
  UNIQUE KEY `n_management` USING BTREE (`n_management`)
) ENGINE=MyISAM
AUTO_INCREMENT=48 CHARACTER SET 'cp1251' COLLATE 'cp1251_general_ci'
;

/* Structure for the `pl_prog` table : */

CREATE TABLE `pl_prog` (
  `id_pl_prog` INTEGER(4) UNSIGNED NOT NULL AUTO_INCREMENT,
  `id_prog` INTEGER(5) UNSIGNED DEFAULT NULL,
  `id_place` INTEGER(5) UNSIGNED DEFAULT NULL,
  PRIMARY KEY USING BTREE (`id_pl_prog`),
  UNIQUE KEY `id` USING BTREE (`id_pl_prog`),
  UNIQUE KEY `pl_prog_idx1` USING BTREE (`id_prog`, `id_place`)
) ENGINE=MyISAM
AUTO_INCREMENT=131 ROW_FORMAT=FIXED CHARACTER SET 'cp1251' COLLATE 'cp1251_general_ci'
;

/* Structure for the `place` table : */

CREATE TABLE `place` (
  `id_place` INTEGER(5) UNSIGNED NOT NULL AUTO_INCREMENT,
  `id_s_m` INTEGER(4) UNSIGNED DEFAULT 1,
  `person_name` VARCHAR(30) COLLATE cp1251_general_ci DEFAULT NULL,
  `id_building` INTEGER(3) UNSIGNED DEFAULT 1,
  `p_post` VARCHAR(24) COLLATE cp1251_general_ci DEFAULT NULL,
  `p_phone` VARCHAR(20) COLLATE cp1251_general_ci DEFAULT NULL,
  `email` VARCHAR(25) COLLATE cp1251_general_ci DEFAULT NULL,
  `note` VARCHAR(50) COLLATE cp1251_general_ci DEFAULT NULL,
  `n_computer` VARCHAR(15) COLLATE cp1251_general_ci DEFAULT NULL,
  `r_u` CHAR(1) COLLATE cp1251_general_ci DEFAULT 'r',
  PRIMARY KEY USING BTREE (`id_place`),
  UNIQUE KEY `id_place` USING BTREE (`id_place`),
  UNIQUE KEY `n_computer` USING BTREE (`n_computer`)
) ENGINE=MyISAM
AUTO_INCREMENT=321 CHARACTER SET 'cp1251' COLLATE 'cp1251_general_ci'
;

/* Structure for the `prog` table : */

CREATE TABLE `prog` (
  `id_prog` INTEGER(2) UNSIGNED NOT NULL AUTO_INCREMENT,
  `n_prog` VARCHAR(40) COLLATE cp1251_general_ci NOT NULL,
  `t_prog` VARCHAR(40) COLLATE cp1251_general_ci DEFAULT NULL,
  PRIMARY KEY USING BTREE (`id_prog`),
  UNIQUE KEY `id_prog` USING BTREE (`id_prog`),
  UNIQUE KEY `n_prog` USING BTREE (`n_prog`)
) ENGINE=MyISAM
AUTO_INCREMENT=45 CHARACTER SET 'cp1251' COLLATE 'cp1251_general_ci'
;

/* Structure for the `shluz_m` table : */

CREATE TABLE `shluz_m` (
  `id_shluz_m` INTEGER(3) UNSIGNED NOT NULL AUTO_INCREMENT,
  `n_shluz` VARCHAR(14) COLLATE cp1251_general_ci NOT NULL,
  `maska_ip` VARCHAR(11) COLLATE cp1251_general_ci NOT NULL,
  `note` VARCHAR(30) COLLATE cp1251_general_ci DEFAULT NULL,
  `id_station` INTEGER(3) UNSIGNED DEFAULT NULL,
  PRIMARY KEY USING BTREE (`id_shluz_m`),
  UNIQUE KEY `id_shluz` USING BTREE (`id_shluz_m`),
  UNIQUE KEY `n_shluz` USING BTREE (`n_shluz`),
  UNIQUE KEY `shluz_m_idx1` USING BTREE (`n_shluz`, `maska_ip`)
) ENGINE=MyISAM
AUTO_INCREMENT=70 AVG_ROW_LENGTH=56 CHARACTER SET 'cp1251' COLLATE 'cp1251_general_ci'
;

/* Structure for the `sn_monitor` table : */

CREATE TABLE `sn_monitor` (
  `id_sn` INTEGER(6) UNSIGNED NOT NULL AUTO_INCREMENT,
  `id_monitor` INTEGER(11) UNSIGNED NOT NULL,
  `id_s_m` INTEGER(4) UNSIGNED NOT NULL,
  `n_sn` VARCHAR(22) COLLATE cp1251_general_ci DEFAULT NULL,
  `d_y` DATE DEFAULT '1995-01-01',
  `note` VARCHAR(20) COLLATE cp1251_general_ci DEFAULT NULL,
  `id_place` INTEGER(11) UNSIGNED NOT NULL DEFAULT 0,
  PRIMARY KEY USING BTREE (`id_sn`),
  UNIQUE KEY `id_sn_new` USING BTREE (`id_sn`),
  UNIQUE KEY `n_sn` USING BTREE (`n_sn`)
) ENGINE=MyISAM
AUTO_INCREMENT=13 AVG_ROW_LENGTH=21 CHARACTER SET 'cp1251' COLLATE 'cp1251_general_ci'
;

/* Structure for the `sn_printer` table : */

CREATE TABLE `sn_printer` (
  `id_sn` INTEGER(6) UNSIGNED NOT NULL AUTO_INCREMENT,
  `id_s_m` INTEGER(4) UNSIGNED NOT NULL,
  `id_place` INTEGER(11) UNSIGNED NOT NULL DEFAULT 0,
  `id_printer` INTEGER(11) UNSIGNED NOT NULL,
  `n_sn` VARCHAR(20) COLLATE cp1251_general_ci DEFAULT NULL,
  `d_y` DATE DEFAULT '1995-01-01',
  `note` VARCHAR(20) COLLATE cp1251_general_ci DEFAULT NULL,
  PRIMARY KEY USING BTREE (`id_sn`),
  UNIQUE KEY `id_sn_new_new` USING BTREE (`id_sn`),
  UNIQUE KEY `n_sn` USING BTREE (`n_sn`)
) ENGINE=MyISAM
AUTO_INCREMENT=54 AVG_ROW_LENGTH=21 CHARACTER SET 'cp1251' COLLATE 'cp1251_general_ci'
;

/* Structure for the `sn_scaner` table : */

CREATE TABLE `sn_scaner` (
  `id_sn` INTEGER(6) UNSIGNED NOT NULL AUTO_INCREMENT,
  `id_place` INTEGER(11) UNSIGNED NOT NULL DEFAULT 0,
  `id_s_m` INTEGER(4) UNSIGNED NOT NULL,
  `id_scaner` INTEGER(5) UNSIGNED NOT NULL,
  `n_sn` VARCHAR(20) COLLATE cp1251_general_ci DEFAULT NULL,
  `d_y` DATE DEFAULT '1995-01-01',
  `note` VARCHAR(20) COLLATE cp1251_general_ci DEFAULT NULL,
  PRIMARY KEY USING BTREE (`id_sn`),
  UNIQUE KEY `id_sn` USING BTREE (`id_sn`),
  UNIQUE KEY `n_sn` USING BTREE (`n_sn`)
) ENGINE=MyISAM
AUTO_INCREMENT=1 CHARACTER SET 'cp1251' COLLATE 'cp1251_general_ci'
;

/* Structure for the `sn_sysunit` table : */

CREATE TABLE `sn_sysunit` (
  `id_sn` INTEGER(6) UNSIGNED NOT NULL AUTO_INCREMENT,
  `id_s_m` INTEGER(4) UNSIGNED NOT NULL,
  `id_place` INTEGER(11) UNSIGNED NOT NULL DEFAULT 0,
  `id_sysunit` INTEGER(11) UNSIGNED NOT NULL,
  `n_sn` VARCHAR(20) COLLATE cp1251_general_ci DEFAULT NULL,
  `d_y` DATE DEFAULT '1995-01-01',
  `note` VARCHAR(20) COLLATE cp1251_general_ci DEFAULT NULL,
  PRIMARY KEY USING BTREE (`id_sn`),
  UNIQUE KEY `id_sn_new` USING BTREE (`id_sn`),
  UNIQUE KEY `n_sn` USING BTREE (`n_sn`)
) ENGINE=MyISAM
AUTO_INCREMENT=13 AVG_ROW_LENGTH=46 CHARACTER SET 'cp1251' COLLATE 'cp1251_general_ci'
;

/* Structure for the `sn_ups` table : */

CREATE TABLE `sn_ups` (
  `id_sn` INTEGER(6) UNSIGNED NOT NULL AUTO_INCREMENT,
  `id_place` INTEGER(11) UNSIGNED NOT NULL DEFAULT 0,
  `id_s_m` INTEGER(4) UNSIGNED NOT NULL,
  `n_sn` VARCHAR(20) COLLATE cp1251_general_ci DEFAULT NULL,
  `note` VARCHAR(20) COLLATE cp1251_general_ci DEFAULT NULL,
  `id_ups` INTEGER(5) UNSIGNED NOT NULL,
  `d_y` DATE DEFAULT '1995-01-01',
  PRIMARY KEY USING BTREE (`id_sn`),
  UNIQUE KEY `id_sn_new` USING BTREE (`id_sn`),
  UNIQUE KEY `n_sn` USING BTREE (`n_sn`)
) ENGINE=MyISAM
AUTO_INCREMENT=17 AVG_ROW_LENGTH=46 CHARACTER SET 'cp1251' COLLATE 'cp1251_general_ci'
;

/* Structure for the `station` table : */

CREATE TABLE `station` (
  `id_station` INTEGER(3) NOT NULL AUTO_INCREMENT,
  `n_station` VARCHAR(20) COLLATE cp1251_general_ci DEFAULT NULL,
  `note` VARCHAR(20) COLLATE cp1251_general_ci DEFAULT NULL,
  PRIMARY KEY USING BTREE (`id_station`)
) ENGINE=MyISAM
AUTO_INCREMENT=11 CHARACTER SET 'cp1251' COLLATE 'cp1251_general_ci'
;

/* Structure for the `user` table : */

CREATE TABLE `user` (
  `id_user` INTEGER(5) UNSIGNED NOT NULL AUTO_INCREMENT,
  `login` CHAR(10) COLLATE cp1251_general_ci NOT NULL,
  `pass` CHAR(10) COLLATE cp1251_general_ci NOT NULL,
  `name` CHAR(20) COLLATE cp1251_general_ci NOT NULL,
  `note` VARCHAR(20) COLLATE cp1251_general_ci DEFAULT NULL,
  `admin` TINYINT(1) UNSIGNED NOT NULL DEFAULT 1,
  PRIMARY KEY USING BTREE (`id_user`),
  UNIQUE KEY `user_id` USING BTREE (`id_user`),
  UNIQUE KEY `login` USING BTREE (`login`),
  UNIQUE KEY `login_2` USING BTREE (`login`),
  UNIQUE KEY `login_3` USING BTREE (`login`)
) ENGINE=MyISAM
AUTO_INCREMENT=6 CHARACTER SET 'cp1251' COLLATE 'cp1251_general_ci'
;

/* Structure for the `user_resource` table : */

CREATE TABLE `user_resource` (
  `id_resource` INTEGER(6) UNSIGNED NOT NULL AUTO_INCREMENT,
  `id_user` INTEGER(5) UNSIGNED NOT NULL,
  `id_s_m` INTEGER(4) UNSIGNED NOT NULL,
  PRIMARY KEY USING BTREE (`id_resource`),
  UNIQUE KEY `id_resource` USING BTREE (`id_resource`)
) ENGINE=MyISAM
AUTO_INCREMENT=105 ROW_FORMAT=FIXED CHARACTER SET 'cp1251' COLLATE 'cp1251_general_ci'
;

/* Data for the `address` table  (LIMIT 0,500) */

INSERT INTO `address` (`id_address`, `n_address`, `id_station`, `note`) VALUES
  (1,'www',0,NULL),
  (2,'ул. Энергетиков, 5',1,''),
  (3,'ул. Текучева, 235',1,''),
  (4,'ул. Текучева, 238',1,''),
  (5,'пр. Шолохова, 29',1,''),
  (6,'ул. 13 линия, 90',2,''),
  (7,'ул. Герцена, 154/1',2,''),
  (8,'ул. Мадояна, 316',3,''),
  (9,'ул. Пескова, 3',4,''),
  (10,'ул. Пескова, 5',4,''),
  (11,'пр. Сельмаш, 13',8,''),
  (12,'ул. Текучева, 237',1,''),
  (13,'ул. Энергетиков, 1/5',1,''),
  (14,'ул. Текучева, 217',1,''),
  (15,'пр. Шолохова, 5а',1,''),
  (16,'пер. Александровский Спуск, 102а',9,''),
  (17,'пр. Университетский 115а',10,'');
COMMIT;

/* Data for the `building` table  (LIMIT 0,500) */

INSERT INTO `building` (`id_building`, `n_building`, `id_address`, `note`) VALUES
  (1,'ДС',2,''),
  (2,'АХЦ (конт.)',2,''),
  (3,'Тех. отдел',4,''),
  (4,'АБК',3,''),
  (5,'8-пост',7,''),
  (6,'Пост-ЭЦ',7,''),
  (7,'ДС',6,''),
  (8,'Красн. уг.',7,''),
  (9,'ДС',8,''),
  (10,'ДС',9,''),
  (11,'АБК',9,''),
  (12,'Пост-ЭЦ',3,''),
  (13,'Склад',2,''),
  (14,'АТС',4,''),
  (15,'ДЖД',5,''),
  (16,'МЧ',2,''),
  (17,'НГЧ',12,''),
  (18,'СМТ-6',13,''),
  (19,'НОР-1',3,''),
  (20,'ЭЧК-105',14,''),
  (21,'Автобаза',15,''),
  (22,'ЭЧЭ-103',16,''),
  (23,'Общежитие',8,''),
  (24,'Вокзал',3,''),
  (25,'ПЧ-3',3,''),
  (26,'ПТО',3,''),
  (27,'Вокзал',11,''),
  (28,'ПЧ-3',7,''),
  (29,'Арендованное',17,'');
COMMIT;

/* Data for the `f_monitor` table  (LIMIT 0,500) */

INSERT INTO `f_monitor` (`id_monitor`, `n_monitor`, `foto_monitor`) VALUES
  (1,'Fuji Siemens A19-1','0'),
  (2,'Fuji Siemens E24W-18D',NULL),
  (3,'LG Flatron L1750SQ-SN',NULL),
  (4,'Acer S221HQL',NULL),
  (5,'Philips 201E',NULL),
  (6,'NEC LCD2470WVX-BK',NULL),
  (7,'NEC Multisync LCD1970NXp',NULL);
COMMIT;

/* Data for the `f_printer` table  (LIMIT 0,500) */

INSERT INTO `f_printer` (`id_printer`, `n_printer`, `foto_printer`) VALUES
  (1,'Xerox Phaser 3100MFP','0'),
  (2,'Xerox Phaser 3124','0'),
  (3,'Xerox WorkCentre 3119','0'),
  (4,'HP Deskjet 1220c','0'),
  (5,'EPSON FX-890','0'),
  (6,'EPSON LX-1170','0'),
  (7,'EPSON LX-300','0'),
  (8,'HP Color LaserJet CP4005','0'),
  (9,'KYOCERA FS-1116MFP','0'),
  (10,'Xerox DocuPrint 255','0'),
  (11,'Xerox DocuPrint P8ex','0'),
  (12,'Xerox Phaser 3121','0'),
  (13,'Xerox Phaser 3122','0'),
  (14,'Xerox Phaser 3155','0'),
  (15,'Xerox Phaser 3200MFP','0'),
  (16,'Xerox Phaser 3420','0'),
  (17,'Xerox Phaser 3435','0'),
  (18,'XEROX Phaser 7760DN','0'),
  (19,'Canon LaserBase MF3228','0'),
  (20,'HP LaserJet P2055dn',NULL),
  (21,'HP LaserJet Pro M1536dnf',NULL),
  (22,'HP LaserJet 3050',NULL),
  (23,'Canon imageRUNNER 1133iF',NULL),
  (24,'EPSON L1300 ',NULL);
COMMIT;

/* Data for the `f_sysunit` table  (LIMIT 0,500) */

INSERT INTO `f_sysunit` (`id_sysunit`, `n_sysunit`, `foto_sysunit`) VALUES
  (1,'Fuji Siemens Esprimo P2410','0'),
  (2,'Fuji Siemens CELSIUS W360',NULL),
  (3,'DEPO Pentium G620 4Gb',NULL),
  (4,'DEXP Aquilon O142 4Gb',NULL),
  (5,'Acer EX2540 i3 6006U 4Gb',NULL),
  (6,'iMango AMD 8320 FX, 16Gb, GTX 980',NULL),
  (7,'Samsung NP300E5X-U01RU, i5 4Gb',NULL),
  (8,'Black_ASUS M4N68T-M /AMD II X2 255 360wt',NULL);
COMMIT;

/* Data for the `f_ups` table  (LIMIT 0,500) */

INSERT INTO `f_ups` (`id_ups`, `n_ups`, `foto_ups`) VALUES
  (1,'APC 500 CS','0'),
  (2,'Powercom KIN 1000-AP',NULL),
  (3,'APC BX650CI-RS',NULL),
  (4,'APC Back-UPS ES 700',NULL),
  (5,'APC Smart 420 SU420INET',NULL),
  (6,'APC BE700G',NULL);
COMMIT;

/* Data for the `ip_table` table  (LIMIT 0,500) */

INSERT INTO `ip_table` (`id_ip`, `id_management`, `id_shluz_m`, `id_place`, `n_ip`) VALUES
  (1,6,1,299,'10.51.26.130'),
  (2,2,1,53,'10.51.26.131'),
  (3,1,1,284,'10.51.26.132'),
  (4,1,1,93,'10.51.26.133'),
  (5,2,1,71,'10.51.26.134'),
  (6,2,1,61,'10.51.26.135'),
  (7,1,1,94,'10.51.26.136'),
  (8,2,1,0,'10.51.26.137'),
  (9,2,1,0,'10.51.26.138'),
  (10,1,1,3,'10.51.26.139'),
  (11,2,1,292,'10.51.26.140'),
  (12,2,1,0,'10.51.26.141'),
  (13,2,1,0,'10.51.26.142'),
  (14,2,1,63,'10.51.26.143'),
  (15,2,1,0,'10.51.26.144'),
  (16,2,1,0,'10.51.26.145'),
  (17,2,1,0,'10.51.26.146'),
  (18,2,1,0,'10.51.26.147'),
  (19,2,1,58,'10.51.26.148'),
  (20,2,1,0,'10.51.26.149'),
  (21,1,1,0,'10.51.26.150'),
  (22,2,1,150,'10.51.26.151'),
  (23,2,1,0,'10.51.26.152'),
  (24,2,1,72,'10.51.26.153'),
  (25,2,1,0,'10.51.26.154'),
  (26,6,1,37,'10.51.26.155'),
  (27,4,1,0,'10.51.26.156'),
  (28,2,1,0,'10.51.26.157'),
  (29,2,1,57,'10.51.26.158'),
  (30,2,1,0,'10.51.26.159'),
  (31,2,1,0,'10.51.26.160'),
  (32,2,1,0,'10.51.26.161'),
  (33,2,1,0,'10.51.26.162'),
  (34,2,1,0,'10.51.26.163'),
  (35,6,1,44,'10.51.26.164'),
  (36,2,1,48,'10.51.26.165'),
  (37,2,1,0,'10.51.26.166'),
  (38,2,1,0,'10.51.26.167'),
  (39,2,1,0,'10.51.26.168'),
  (40,2,1,73,'10.51.26.169'),
  (41,2,1,0,'10.51.26.170'),
  (42,6,1,38,'10.51.26.171'),
  (43,6,1,39,'10.51.26.172'),
  (44,6,1,10,'10.51.26.173'),
  (45,6,1,40,'10.51.26.174'),
  (46,6,1,41,'10.51.26.175'),
  (47,6,1,42,'10.51.26.176'),
  (48,2,1,11,'10.51.26.177'),
  (49,2,1,0,'10.51.26.178'),
  (50,2,1,0,'10.51.26.179'),
  (51,3,1,85,'10.51.26.180'),
  (52,3,1,86,'10.51.26.181'),
  (53,3,1,87,'10.51.26.182'),
  (54,2,1,0,'10.51.26.183'),
  (55,2,1,0,'10.51.26.184'),
  (56,2,1,0,'10.51.26.185'),
  (57,4,1,0,'10.51.26.186'),
  (58,2,1,0,'10.51.26.187'),
  (59,2,1,0,'10.51.26.188'),
  (60,2,1,0,'10.51.26.189'),
  (61,2,1,47,'10.51.26.190'),
  (62,2,1,0,'10.51.26.191'),
  (63,2,1,0,'10.51.26.192'),
  (64,2,1,0,'10.51.26.193'),
  (65,2,1,0,'10.51.26.194'),
  (66,2,1,0,'10.51.26.195'),
  (67,2,1,0,'10.51.26.196'),
  (68,2,1,0,'10.51.26.197'),
  (69,2,1,0,'10.51.26.198'),
  (70,2,1,112,'10.51.26.199'),
  (71,2,1,66,'10.51.26.200'),
  (72,2,1,79,'10.51.26.201'),
  (73,2,1,0,'10.51.26.202'),
  (74,2,1,0,'10.51.26.203'),
  (75,3,1,90,'10.51.26.204'),
  (76,2,1,0,'10.51.26.205'),
  (77,2,1,80,'10.51.26.206'),
  (78,2,1,81,'10.51.26.207'),
  (79,2,1,82,'10.51.26.208'),
  (80,2,1,76,'10.51.26.209'),
  (81,2,1,78,'10.51.26.210'),
  (82,2,1,83,'10.51.26.211'),
  (83,2,1,0,'10.51.26.212'),
  (84,2,1,84,'10.51.26.213'),
  (85,2,1,102,'10.51.26.214'),
  (86,2,1,0,'10.51.26.215'),
  (87,2,1,0,'10.51.26.216'),
  (88,2,1,0,'10.51.26.217'),
  (89,2,1,0,'10.51.26.218'),
  (90,2,1,0,'10.51.26.219'),
  (91,2,1,0,'10.51.26.220'),
  (92,2,1,0,'10.51.26.221'),
  (93,2,1,0,'10.51.26.222'),
  (94,2,1,0,'10.51.26.223'),
  (95,2,1,0,'10.51.26.224'),
  (96,2,1,60,'10.51.26.225'),
  (97,2,1,0,'10.51.26.226'),
  (98,2,1,0,'10.51.26.227'),
  (99,2,1,0,'10.51.26.228'),
  (100,2,1,0,'10.51.26.229'),
  (101,2,1,0,'10.51.26.230'),
  (102,2,1,0,'10.51.26.231'),
  (103,2,1,97,'10.51.26.232'),
  (104,2,1,56,'10.51.26.233'),
  (105,2,1,49,'10.51.26.234'),
  (106,2,1,45,'10.51.26.235'),
  (107,2,1,52,'10.51.26.236'),
  (108,2,1,51,'10.51.26.237'),
  (109,2,1,50,'10.51.26.238'),
  (110,2,1,55,'10.51.26.239'),
  (111,2,1,105,'10.51.26.240'),
  (112,2,1,54,'10.51.26.241'),
  (113,2,1,0,'10.51.26.242'),
  (114,2,1,0,'10.51.26.243'),
  (115,2,1,95,'10.51.26.244'),
  (116,2,1,77,'10.51.26.245'),
  (117,2,1,74,'10.51.26.246'),
  (118,2,1,75,'10.51.26.247'),
  (119,6,1,113,'10.51.26.248'),
  (120,6,1,156,'10.51.26.249'),
  (121,6,1,0,'10.51.26.250'),
  (122,6,1,243,'10.51.26.251'),
  (123,2,1,62,'10.51.26.252'),
  (124,3,1,91,'10.51.26.253'),
  (125,6,1,43,'10.51.26.254'),
  (126,2,2,19,'10.51.24.130'),
  (127,2,2,99,'10.51.24.131'),
  (128,2,2,0,'10.51.24.132'),
  (129,2,2,0,'10.51.24.133'),
  (130,2,2,0,'10.51.24.134'),
  (131,2,2,23,'10.51.24.135'),
  (132,2,2,21,'10.51.24.136'),
  (133,2,2,0,'10.51.24.137'),
  (134,2,2,18,'10.51.24.138'),
  (135,2,2,16,'10.51.24.139'),
  (136,2,2,0,'10.51.24.140'),
  (137,2,2,22,'10.51.24.141'),
  (138,2,2,0,'10.51.24.142'),
  (139,2,2,0,'10.51.24.143'),
  (140,2,2,0,'10.51.24.144'),
  (141,2,2,0,'10.51.24.145'),
  (142,2,2,0,'10.51.24.146'),
  (143,2,2,0,'10.51.24.147'),
  (144,2,2,0,'10.51.24.148'),
  (145,2,2,0,'10.51.24.149'),
  (146,2,2,0,'10.51.24.150'),
  (147,2,2,0,'10.51.24.151'),
  (148,2,2,0,'10.51.24.152'),
  (149,2,2,0,'10.51.24.153'),
  (150,2,2,0,'10.51.24.154'),
  (151,2,2,0,'10.51.24.155'),
  (152,2,2,0,'10.51.24.156'),
  (153,2,2,0,'10.51.24.157'),
  (154,2,2,20,'10.51.24.158'),
  (155,2,3,0,'10.51.24.194'),
  (156,2,3,0,'10.51.24.195'),
  (157,2,3,0,'10.51.24.196'),
  (158,2,3,0,'10.51.24.197'),
  (159,2,3,0,'10.51.24.198'),
  (160,2,3,0,'10.51.24.199'),
  (161,2,3,0,'10.51.24.200'),
  (162,2,3,12,'10.51.24.201'),
  (163,2,3,15,'10.51.24.202'),
  (164,2,3,14,'10.51.24.203'),
  (165,2,3,0,'10.51.24.204'),
  (166,2,3,0,'10.51.24.205'),
  (167,2,3,0,'10.51.24.206'),
  (168,2,3,0,'10.51.24.207'),
  (169,2,3,0,'10.51.24.208'),
  (170,2,3,0,'10.51.24.209'),
  (171,2,3,0,'10.51.24.210'),
  (172,2,3,0,'10.51.24.211'),
  (173,2,3,0,'10.51.24.212'),
  (174,2,3,0,'10.51.24.213'),
  (175,2,3,0,'10.51.24.214'),
  (176,2,3,0,'10.51.24.215'),
  (177,2,3,0,'10.51.24.216'),
  (178,2,3,0,'10.51.24.217'),
  (179,2,3,0,'10.51.24.218'),
  (180,2,3,0,'10.51.24.219'),
  (181,2,3,0,'10.51.24.220'),
  (182,2,3,0,'10.51.24.221'),
  (183,2,3,0,'10.51.24.222'),
  (184,2,4,25,'10.53.46.34'),
  (185,33,4,0,'10.53.46.35'),
  (186,2,4,0,'10.53.46.36'),
  (187,2,4,0,'10.53.46.37'),
  (188,2,4,0,'10.53.46.38'),
  (189,2,5,0,'10.53.46.10'),
  (190,2,5,0,'10.53.46.11'),
  (191,2,5,0,'10.53.46.12'),
  (192,2,5,0,'10.53.46.13'),
  (193,2,5,0,'10.53.46.14'),
  (194,2,6,0,'10.53.48.130'),
  (195,2,6,0,'10.53.48.131'),
  (196,2,6,0,'10.53.48.132'),
  (197,1,6,17,'10.53.48.133'),
  (198,1,6,36,'10.53.48.134'),
  (199,2,6,0,'10.53.48.135'),
  (200,2,6,0,'10.53.48.136'),
  (201,2,6,0,'10.53.48.137'),
  (202,2,6,0,'10.53.48.138'),
  (203,2,6,0,'10.53.48.139'),
  (204,2,6,0,'10.53.48.140'),
  (205,2,6,0,'10.53.48.141'),
  (206,2,6,0,'10.53.48.142'),
  (207,2,6,0,'10.53.48.143'),
  (208,2,6,0,'10.53.48.144'),
  (209,2,6,0,'10.53.48.145'),
  (210,2,6,0,'10.53.48.146'),
  (211,2,6,0,'10.53.48.147'),
  (212,2,6,0,'10.53.48.148'),
  (213,2,6,0,'10.53.48.149'),
  (214,2,6,0,'10.53.48.150'),
  (215,2,6,0,'10.53.48.151'),
  (216,2,6,0,'10.53.48.152'),
  (217,2,6,0,'10.53.48.153'),
  (218,3,6,30,'10.53.48.154'),
  (219,3,6,31,'10.53.48.155'),
  (220,3,6,29,'10.53.48.156'),
  (221,3,6,28,'10.53.48.157'),
  (222,3,6,33,'10.53.48.158'),
  (223,3,6,32,'10.53.48.159'),
  (224,3,6,34,'10.53.48.160'),
  (225,3,6,35,'10.53.48.161'),
  (226,2,6,0,'10.53.48.162'),
  (227,2,6,0,'10.53.48.163'),
  (228,2,6,0,'10.53.48.164'),
  (229,2,6,0,'10.53.48.165'),
  (230,2,6,0,'10.53.48.166'),
  (231,2,6,0,'10.53.48.167'),
  (232,2,6,0,'10.53.48.168'),
  (233,2,6,0,'10.53.48.169'),
  (234,2,6,0,'10.53.48.170'),
  (235,2,6,0,'10.53.48.171'),
  (236,2,6,0,'10.53.48.172'),
  (237,2,6,0,'10.53.48.173'),
  (238,2,6,0,'10.53.48.174'),
  (239,2,6,0,'10.53.48.175'),
  (240,2,6,0,'10.53.48.176'),
  (241,2,6,0,'10.53.48.177'),
  (242,2,6,0,'10.53.48.178'),
  (243,2,6,0,'10.53.48.179'),
  (244,2,6,0,'10.53.48.180'),
  (245,2,6,0,'10.53.48.181'),
  (246,2,6,0,'10.53.48.182'),
  (247,2,6,0,'10.53.48.183'),
  (248,2,6,0,'10.53.48.184'),
  (249,2,6,0,'10.53.48.185'),
  (250,2,6,0,'10.53.48.186'),
  (251,2,6,0,'10.53.48.187'),
  (252,2,6,0,'10.53.48.188'),
  (253,2,6,0,'10.53.48.189'),
  (254,2,6,0,'10.53.48.190'),
  (255,2,7,0,'10.51.42.34'),
  (256,2,7,0,'10.51.42.35'),
  (257,2,7,0,'10.51.42.36'),
  (258,2,7,0,'10.51.42.37'),
  (259,2,7,0,'10.51.42.38'),
  (260,2,7,0,'10.51.42.39'),
  (261,2,7,0,'10.51.42.40'),
  (262,2,7,0,'10.51.42.41'),
  (263,2,7,0,'10.51.42.42'),
  (264,2,7,0,'10.51.42.43'),
  (265,2,7,0,'10.51.42.44'),
  (266,2,7,0,'10.51.42.45'),
  (267,2,7,0,'10.51.42.46'),
  (268,2,8,0,'10.51.42.50'),
  (269,2,8,0,'10.51.42.51'),
  (270,2,8,0,'10.51.42.52'),
  (271,2,8,0,'10.51.42.53'),
  (272,2,8,0,'10.51.42.54'),
  (273,12,9,0,'10.53.48.2'),
  (274,12,9,0,'10.53.48.3'),
  (275,12,9,0,'10.53.48.4'),
  (276,12,9,0,'10.53.48.5'),
  (277,12,9,0,'10.53.48.6'),
  (278,34,10,0,'10.53.48.194'),
  (279,34,10,157,'10.53.48.195'),
  (280,34,10,158,'10.53.48.196'),
  (281,34,10,159,'10.53.48.197'),
  (282,34,10,160,'10.53.48.198'),
  (283,34,10,0,'10.53.48.199'),
  (284,34,10,161,'10.53.48.200'),
  (285,34,10,162,'10.53.48.201'),
  (286,34,10,0,'10.53.48.202'),
  (287,34,10,163,'10.53.48.203'),
  (288,34,10,164,'10.53.48.204'),
  (289,34,10,165,'10.53.48.205'),
  (290,34,10,166,'10.53.48.206'),
  (291,34,10,167,'10.53.48.207'),
  (292,34,10,168,'10.53.48.208'),
  (293,34,10,169,'10.53.48.209'),
  (294,34,10,185,'10.53.48.210'),
  (295,34,10,170,'10.53.48.211'),
  (296,34,10,171,'10.53.48.212'),
  (297,34,10,172,'10.53.48.213'),
  (298,34,10,0,'10.53.48.214'),
  (299,34,10,173,'10.53.48.215'),
  (300,34,10,174,'10.53.48.216'),
  (301,34,10,175,'10.53.48.217'),
  (302,34,10,176,'10.53.48.218'),
  (303,34,10,177,'10.53.48.219'),
  (304,34,10,178,'10.53.48.220'),
  (305,34,10,179,'10.53.48.221'),
  (306,34,10,180,'10.53.48.222'),
  (307,34,10,181,'10.53.48.223'),
  (308,34,10,182,'10.53.48.224'),
  (309,34,10,183,'10.53.48.225'),
  (310,34,10,184,'10.53.48.226'),
  (311,34,10,0,'10.53.48.227'),
  (312,34,10,0,'10.53.48.228'),
  (313,34,10,0,'10.53.48.229'),
  (314,34,10,0,'10.53.48.230'),
  (315,34,10,0,'10.53.48.231'),
  (316,34,10,0,'10.53.48.232'),
  (317,34,10,0,'10.53.48.233'),
  (318,34,10,0,'10.53.48.234'),
  (319,34,10,0,'10.53.48.235'),
  (320,34,10,0,'10.53.48.236'),
  (321,34,10,0,'10.53.48.237'),
  (322,34,10,0,'10.53.48.238'),
  (323,34,10,0,'10.53.48.239'),
  (324,34,10,0,'10.53.48.240'),
  (325,34,10,0,'10.53.48.241'),
  (326,34,10,0,'10.53.48.242'),
  (327,34,10,0,'10.53.48.243'),
  (328,34,10,0,'10.53.48.244'),
  (329,34,10,0,'10.53.48.245'),
  (330,34,10,0,'10.53.48.246'),
  (331,34,10,0,'10.53.48.247'),
  (332,34,10,0,'10.53.48.248'),
  (333,34,10,0,'10.53.48.249'),
  (334,34,10,0,'10.53.48.250'),
  (335,34,10,0,'10.53.48.251'),
  (336,34,10,0,'10.53.48.252'),
  (337,34,10,0,'10.53.48.253'),
  (338,34,10,0,'10.53.48.254'),
  (339,2,11,0,'10.51.42.2'),
  (340,2,11,0,'10.51.42.3'),
  (341,2,11,0,'10.51.42.4'),
  (342,2,11,0,'10.51.42.5'),
  (343,2,11,0,'10.51.42.6'),
  (344,2,11,0,'10.51.42.7'),
  (345,2,11,0,'10.51.42.8'),
  (346,2,11,0,'10.51.42.9'),
  (347,2,11,0,'10.51.42.10'),
  (348,2,11,0,'10.51.42.11'),
  (349,2,11,0,'10.51.42.12'),
  (350,2,11,0,'10.51.42.13'),
  (351,2,11,0,'10.51.42.14'),
  (352,2,11,0,'10.51.42.15'),
  (353,2,11,0,'10.51.42.16'),
  (354,2,11,0,'10.51.42.17'),
  (355,2,11,0,'10.51.42.18'),
  (356,2,11,0,'10.51.42.19'),
  (357,2,11,0,'10.51.42.20'),
  (358,2,11,0,'10.51.42.21'),
  (359,2,11,0,'10.51.42.22'),
  (360,2,11,0,'10.51.42.23'),
  (361,2,11,0,'10.51.42.24'),
  (362,2,11,0,'10.51.42.25'),
  (363,2,11,0,'10.51.42.26'),
  (364,2,11,0,'10.51.42.27'),
  (365,2,11,0,'10.51.42.28'),
  (366,2,11,0,'10.51.42.29'),
  (367,2,11,0,'10.51.42.30'),
  (368,2,12,0,'10.53.40.2'),
  (369,2,12,0,'10.53.40.3'),
  (370,2,12,0,'10.53.40.4'),
  (371,2,12,0,'10.53.40.5'),
  (372,2,12,0,'10.53.40.6'),
  (373,2,12,0,'10.53.40.7'),
  (374,2,12,0,'10.53.40.8'),
  (375,2,12,0,'10.53.40.9'),
  (376,33,12,0,'10.53.40.10'),
  (377,2,12,67,'10.53.40.11'),
  (378,2,12,68,'10.53.40.12'),
  (379,2,12,0,'10.53.40.13'),
  (380,2,12,0,'10.53.40.14'),
  (381,8,13,96,'10.53.40.58'),
  (382,8,13,0,'10.53.40.59'),
  (383,8,13,0,'10.53.40.60'),
  (384,8,13,0,'10.53.40.61'),
  (385,8,13,0,'10.53.40.62'),
  (386,5,14,116,'10.53.40.66'),
  (387,5,14,117,'10.53.40.67'),
  (388,5,14,118,'10.53.40.68'),
  (389,45,14,151,'10.53.40.69'),
  (390,45,14,152,'10.53.40.70'),
  (391,45,14,0,'10.53.40.71'),
  (392,45,14,263,'10.53.40.72'),
  (393,45,14,264,'10.53.40.73'),
  (394,5,14,262,'10.53.40.74'),
  (395,45,14,265,'10.53.40.75'),
  (396,45,14,266,'10.53.40.76'),
  (397,45,14,0,'10.53.40.77'),
  (398,45,14,267,'10.53.40.78'),
  (399,45,14,268,'10.53.40.79'),
  (400,45,14,269,'10.53.40.80'),
  (401,5,14,0,'10.53.40.81'),
  (402,5,14,0,'10.53.40.82'),
  (403,45,14,270,'10.53.40.83'),
  (404,45,14,271,'10.53.40.84'),
  (405,5,14,0,'10.53.40.85'),
  (406,5,14,0,'10.53.40.86'),
  (407,5,14,0,'10.53.40.87'),
  (408,5,14,0,'10.53.40.88'),
  (409,5,14,0,'10.53.40.89'),
  (410,5,14,0,'10.53.40.90'),
  (411,5,14,0,'10.53.40.91'),
  (412,5,14,0,'10.53.40.92'),
  (413,5,14,0,'10.53.40.93'),
  (414,5,14,0,'10.53.40.94'),
  (415,5,14,0,'10.53.40.95'),
  (416,5,14,0,'10.53.40.96'),
  (417,5,14,0,'10.53.40.97'),
  (418,5,14,0,'10.53.40.98'),
  (419,5,14,0,'10.53.40.99'),
  (420,5,14,0,'10.53.40.100'),
  (421,5,14,0,'10.53.40.101'),
  (422,5,14,0,'10.53.40.102'),
  (423,5,14,0,'10.53.40.103'),
  (424,5,14,0,'10.53.40.104'),
  (425,5,14,0,'10.53.40.105'),
  (426,5,14,0,'10.53.40.106'),
  (427,5,14,0,'10.53.40.107'),
  (428,5,14,0,'10.53.40.108'),
  (429,5,14,0,'10.53.40.109'),
  (430,5,14,0,'10.53.40.110'),
  (431,5,14,0,'10.53.40.111'),
  (432,5,14,0,'10.53.40.112'),
  (433,5,14,0,'10.53.40.113'),
  (434,5,14,0,'10.53.40.114'),
  (435,5,14,0,'10.53.40.115'),
  (436,5,14,0,'10.53.40.116'),
  (437,5,14,0,'10.53.40.117'),
  (438,5,14,0,'10.53.40.118'),
  (439,5,14,0,'10.53.40.119'),
  (440,5,14,0,'10.53.40.120'),
  (441,5,14,0,'10.53.40.121'),
  (442,5,14,0,'10.53.40.122'),
  (443,5,14,0,'10.53.40.123'),
  (444,5,14,0,'10.53.40.124'),
  (445,5,14,0,'10.53.40.125'),
  (446,5,14,0,'10.53.40.126'),
  (447,9,15,0,'10.53.43.18'),
  (448,9,15,46,'10.53.43.19'),
  (449,43,15,114,'10.53.43.20'),
  (450,9,15,0,'10.53.43.21'),
  (451,9,15,0,'10.53.43.22'),
  (452,10,16,0,'10.53.44.130'),
  (453,10,16,0,'10.53.44.131'),
  (454,10,16,0,'10.53.44.132'),
  (455,10,16,0,'10.53.44.133'),
  (456,10,16,0,'10.53.44.134'),
  (457,10,16,0,'10.53.44.135'),
  (458,10,16,0,'10.53.44.136'),
  (459,10,16,0,'10.53.44.137'),
  (460,10,16,0,'10.53.44.138'),
  (461,10,16,0,'10.53.44.139'),
  (462,10,16,0,'10.53.44.140'),
  (463,10,16,0,'10.53.44.141'),
  (464,10,16,0,'10.53.44.142'),
  (465,10,16,0,'10.53.44.143'),
  (466,10,16,0,'10.53.44.144'),
  (467,10,16,0,'10.53.44.145'),
  (468,10,16,0,'10.53.44.146'),
  (469,10,16,0,'10.53.44.147'),
  (470,10,16,0,'10.53.44.148'),
  (471,10,16,0,'10.53.44.149'),
  (472,10,16,0,'10.53.44.150'),
  (473,10,16,0,'10.53.44.151'),
  (474,10,16,0,'10.53.44.152'),
  (475,10,16,0,'10.53.44.153'),
  (476,10,16,0,'10.53.44.154'),
  (477,10,16,0,'10.53.44.155'),
  (478,10,16,0,'10.53.44.156'),
  (479,10,16,0,'10.53.44.157'),
  (480,10,16,0,'10.53.44.158'),
  (481,10,16,0,'10.53.44.159'),
  (482,10,16,0,'10.53.44.160'),
  (483,10,16,0,'10.53.44.161'),
  (484,10,16,0,'10.53.44.162'),
  (485,10,16,0,'10.53.44.163'),
  (486,10,16,0,'10.53.44.164'),
  (487,10,16,0,'10.53.44.165'),
  (488,10,16,0,'10.53.44.166'),
  (489,10,16,0,'10.53.44.167'),
  (490,10,16,0,'10.53.44.168'),
  (491,10,16,0,'10.53.44.169'),
  (492,10,16,0,'10.53.44.170'),
  (493,10,16,0,'10.53.44.171'),
  (494,10,16,0,'10.53.44.172'),
  (495,10,16,0,'10.53.44.173'),
  (496,10,16,0,'10.53.44.174'),
  (497,10,16,0,'10.53.44.175'),
  (498,10,16,0,'10.53.44.176'),
  (499,10,16,0,'10.53.44.177'),
  (500,10,16,0,'10.53.44.178');
COMMIT;

/* Data for the `ip_table` table  (LIMIT 500,500) */

INSERT INTO `ip_table` (`id_ip`, `id_management`, `id_shluz_m`, `id_place`, `n_ip`) VALUES
  (501,10,16,0,'10.53.44.179'),
  (502,10,16,0,'10.53.44.180'),
  (503,10,16,0,'10.53.44.181'),
  (504,10,16,0,'10.53.44.182'),
  (505,10,16,0,'10.53.44.183'),
  (506,10,16,0,'10.53.44.184'),
  (507,10,16,0,'10.53.44.185'),
  (508,10,16,0,'10.53.44.186'),
  (509,10,16,0,'10.53.44.187'),
  (510,10,16,0,'10.53.44.188'),
  (511,10,16,0,'10.53.44.189'),
  (512,10,16,0,'10.53.44.190'),
  (513,2,17,0,'10.51.43.34'),
  (514,2,17,0,'10.51.43.35'),
  (515,2,17,0,'10.51.43.36'),
  (516,2,17,0,'10.51.43.37'),
  (517,2,17,0,'10.51.43.38'),
  (518,2,17,0,'10.51.43.39'),
  (519,2,17,0,'10.51.43.40'),
  (520,2,17,0,'10.51.43.41'),
  (521,2,17,0,'10.51.43.42'),
  (522,2,17,0,'10.51.43.43'),
  (523,2,17,0,'10.51.43.44'),
  (524,2,17,0,'10.51.43.45'),
  (525,2,17,0,'10.51.43.46'),
  (526,2,18,0,'10.51.43.162'),
  (527,2,18,0,'10.51.43.163'),
  (528,2,18,0,'10.51.43.164'),
  (529,2,18,0,'10.51.43.165'),
  (530,2,18,0,'10.51.43.166'),
  (531,2,18,0,'10.51.43.167'),
  (532,2,18,0,'10.51.43.168'),
  (533,2,18,0,'10.51.43.169'),
  (534,2,18,0,'10.51.43.170'),
  (535,2,18,0,'10.51.43.171'),
  (536,2,18,0,'10.51.43.172'),
  (537,2,18,0,'10.51.43.173'),
  (538,2,18,0,'10.51.43.174'),
  (539,7,19,0,'10.53.53.26'),
  (540,7,19,0,'10.53.53.27'),
  (541,7,19,0,'10.53.53.28'),
  (542,7,19,0,'10.53.53.29'),
  (543,7,19,0,'10.53.53.30'),
  (554,1,22,186,'10.53.45.2'),
  (555,11,22,0,'10.53.45.3'),
  (556,11,22,0,'10.53.45.4'),
  (557,11,22,0,'10.53.45.5'),
  (558,11,22,0,'10.53.45.6'),
  (559,11,22,0,'10.53.45.7'),
  (560,11,22,0,'10.53.45.8'),
  (561,11,22,0,'10.53.45.9'),
  (562,14,22,242,'10.53.45.10'),
  (563,11,22,210,'10.53.45.11'),
  (564,11,22,0,'10.53.45.12'),
  (565,11,22,211,'10.53.45.13'),
  (566,11,22,212,'10.53.45.14'),
  (567,11,22,0,'10.53.45.15'),
  (568,11,22,0,'10.53.45.16'),
  (569,11,22,187,'10.53.45.17'),
  (570,11,22,0,'10.53.45.18'),
  (571,11,22,0,'10.53.45.19'),
  (572,11,22,188,'10.53.45.20'),
  (573,11,22,0,'10.53.45.21'),
  (574,11,22,189,'10.53.45.22'),
  (575,11,22,274,'10.53.45.23'),
  (576,11,22,0,'10.53.45.24'),
  (577,11,22,280,'10.53.45.25'),
  (578,11,22,0,'10.53.45.26'),
  (579,11,22,0,'10.53.45.27'),
  (580,11,22,0,'10.53.45.28'),
  (581,11,22,0,'10.53.45.29'),
  (582,11,22,282,'10.53.45.30'),
  (583,11,22,202,'10.53.45.31'),
  (584,14,22,134,'10.53.45.32'),
  (585,11,22,0,'10.53.45.33'),
  (586,11,22,0,'10.53.45.34'),
  (587,11,22,0,'10.53.45.35'),
  (588,11,22,295,'10.53.45.36'),
  (589,11,22,275,'10.53.45.37'),
  (590,14,22,190,'10.53.45.38'),
  (591,11,22,0,'10.53.45.39'),
  (592,11,22,0,'10.53.45.40'),
  (593,11,22,0,'10.53.45.41'),
  (594,11,22,213,'10.53.45.42'),
  (595,11,22,191,'10.53.45.43'),
  (596,11,22,0,'10.53.45.44'),
  (597,11,22,0,'10.53.45.45'),
  (598,11,22,0,'10.53.45.46'),
  (599,11,22,0,'10.53.45.47'),
  (600,11,22,0,'10.53.45.48'),
  (601,11,22,0,'10.53.45.49'),
  (602,11,22,0,'10.53.45.50'),
  (603,11,22,0,'10.53.45.51'),
  (604,11,22,0,'10.53.45.52'),
  (605,11,22,0,'10.53.45.53'),
  (606,11,22,193,'10.53.45.54'),
  (607,11,22,194,'10.53.45.55'),
  (608,11,22,0,'10.53.45.56'),
  (609,13,22,147,'10.53.45.57'),
  (610,11,22,0,'10.53.45.58'),
  (611,11,22,0,'10.53.45.59'),
  (612,11,22,195,'10.53.45.60'),
  (613,11,22,196,'10.53.45.61'),
  (614,11,22,197,'10.53.45.62'),
  (615,11,22,198,'10.53.45.63'),
  (616,11,22,214,'10.53.45.64'),
  (617,11,22,215,'10.53.45.65'),
  (618,11,22,199,'10.53.45.66'),
  (619,11,22,200,'10.53.45.67'),
  (620,11,22,294,'10.53.45.68'),
  (621,11,22,224,'10.53.45.69'),
  (622,11,22,201,'10.53.45.70'),
  (623,11,22,0,'10.53.45.71'),
  (624,11,22,0,'10.53.45.72'),
  (625,11,22,0,'10.53.45.73'),
  (626,11,22,216,'10.53.45.74'),
  (627,11,22,0,'10.53.45.75'),
  (628,11,22,0,'10.53.45.76'),
  (629,11,22,0,'10.53.45.77'),
  (630,11,22,203,'10.53.45.78'),
  (631,11,22,0,'10.53.45.79'),
  (632,11,22,217,'10.53.45.80'),
  (633,13,22,148,'10.53.45.81'),
  (634,13,22,149,'10.53.45.82'),
  (635,11,22,0,'10.53.45.83'),
  (636,11,22,283,'10.53.45.84'),
  (637,11,22,218,'10.53.45.85'),
  (638,11,22,204,'10.53.45.86'),
  (639,11,22,0,'10.53.45.87'),
  (640,11,22,219,'10.53.45.88'),
  (641,11,22,0,'10.53.45.89'),
  (642,11,22,279,'10.53.45.90'),
  (643,11,22,220,'10.53.45.91'),
  (644,11,22,205,'10.53.45.92'),
  (645,11,22,206,'10.53.45.93'),
  (646,11,22,0,'10.53.45.94'),
  (647,11,22,221,'10.53.45.95'),
  (648,11,22,278,'10.53.45.96'),
  (649,11,22,222,'10.53.45.97'),
  (650,11,22,0,'10.53.45.98'),
  (651,11,22,0,'10.53.45.99'),
  (652,11,22,207,'10.53.45.100'),
  (653,11,22,0,'10.53.45.101'),
  (654,17,22,277,'10.53.45.102'),
  (655,11,22,208,'10.53.45.103'),
  (656,11,22,0,'10.53.45.104'),
  (657,11,22,0,'10.53.45.105'),
  (658,11,22,0,'10.53.45.106'),
  (659,11,22,0,'10.53.45.107'),
  (660,11,22,0,'10.53.45.108'),
  (661,11,22,0,'10.53.45.109'),
  (662,11,22,0,'10.53.45.110'),
  (663,11,22,0,'10.53.45.111'),
  (664,11,22,0,'10.53.45.112'),
  (665,11,22,0,'10.53.45.113'),
  (666,11,22,0,'10.53.45.114'),
  (667,14,22,141,'10.53.45.115'),
  (668,11,22,223,'10.53.45.116'),
  (669,11,22,0,'10.53.45.117'),
  (670,11,22,0,'10.53.45.118'),
  (671,11,22,0,'10.53.45.119'),
  (672,11,22,0,'10.53.45.120'),
  (673,14,22,209,'10.53.45.121'),
  (674,17,22,276,'10.53.45.122'),
  (675,11,22,225,'10.53.45.123'),
  (676,11,22,0,'10.53.45.124'),
  (677,11,22,226,'10.53.45.125'),
  (678,11,22,0,'10.53.45.126'),
  (679,13,23,228,'10.53.43.34'),
  (680,13,23,229,'10.53.43.35'),
  (681,13,23,239,'10.53.43.36'),
  (682,13,23,240,'10.53.43.37'),
  (683,13,23,241,'10.53.43.38'),
  (684,13,23,258,'10.53.43.39'),
  (685,13,23,259,'10.53.43.40'),
  (686,13,23,0,'10.53.43.41'),
  (687,13,23,260,'10.53.43.42'),
  (688,13,23,230,'10.53.43.43'),
  (689,13,23,0,'10.53.43.44'),
  (690,13,23,231,'10.53.43.45'),
  (691,13,23,235,'10.53.43.46'),
  (692,13,23,261,'10.53.43.47'),
  (693,13,23,232,'10.53.43.48'),
  (694,13,23,236,'10.53.43.49'),
  (695,13,23,272,'10.53.43.50'),
  (696,13,23,0,'10.53.43.51'),
  (697,13,23,0,'10.53.43.52'),
  (698,13,23,273,'10.53.43.53'),
  (699,13,23,0,'10.53.43.54'),
  (700,13,23,237,'10.53.43.55'),
  (701,13,23,0,'10.53.43.56'),
  (702,13,23,233,'10.53.43.57'),
  (703,13,23,0,'10.53.43.58'),
  (704,13,23,238,'10.53.43.59'),
  (705,13,23,234,'10.53.43.60'),
  (706,13,23,0,'10.53.43.61'),
  (707,13,23,0,'10.53.43.62'),
  (708,15,24,0,'10.55.20.34'),
  (709,15,24,0,'10.55.20.35'),
  (710,15,24,0,'10.55.20.36'),
  (711,15,24,0,'10.55.20.37'),
  (712,15,24,0,'10.55.20.38'),
  (713,15,24,254,'10.55.20.39'),
  (714,15,24,255,'10.55.20.40'),
  (715,15,24,0,'10.55.20.41'),
  (716,15,24,256,'10.55.20.42'),
  (717,15,24,257,'10.55.20.43'),
  (718,15,24,0,'10.55.20.44'),
  (719,15,24,0,'10.55.20.45'),
  (720,15,24,0,'10.55.20.46'),
  (731,21,27,0,'10.53.43.2'),
  (732,21,27,0,'10.53.43.3'),
  (733,21,27,0,'10.53.43.4'),
  (734,21,27,293,'10.53.43.5'),
  (735,21,27,285,'10.53.43.6'),
  (736,21,27,286,'10.53.43.7'),
  (737,21,27,287,'10.53.43.8'),
  (738,21,27,288,'10.53.43.9'),
  (739,21,27,289,'10.53.43.10'),
  (740,21,27,290,'10.53.43.11'),
  (741,21,27,0,'10.53.43.12'),
  (742,21,27,0,'10.53.43.13'),
  (743,21,27,291,'10.53.43.14'),
  (744,22,28,0,'10.53.42.2'),
  (745,22,28,0,'10.53.42.3'),
  (746,22,28,0,'10.53.42.4'),
  (747,22,28,0,'10.53.42.5'),
  (748,22,28,0,'10.53.42.6'),
  (749,22,28,0,'10.53.42.7'),
  (750,22,28,0,'10.53.42.8'),
  (751,22,28,0,'10.53.42.9'),
  (752,22,28,0,'10.53.42.10'),
  (753,22,28,0,'10.53.42.11'),
  (754,22,28,0,'10.53.42.12'),
  (755,22,28,0,'10.53.42.13'),
  (756,22,28,0,'10.53.42.14'),
  (757,22,28,0,'10.53.42.15'),
  (758,22,28,0,'10.53.42.16'),
  (759,22,28,0,'10.53.42.17'),
  (760,22,28,0,'10.53.42.18'),
  (761,22,28,0,'10.53.42.19'),
  (762,22,28,0,'10.53.42.20'),
  (763,22,28,0,'10.53.42.21'),
  (764,22,28,0,'10.53.42.22'),
  (765,22,28,0,'10.53.42.23'),
  (766,22,28,0,'10.53.42.24'),
  (767,22,28,0,'10.53.42.25'),
  (768,22,28,0,'10.53.42.26'),
  (769,22,28,0,'10.53.42.27'),
  (770,22,28,0,'10.53.42.28'),
  (771,22,28,0,'10.53.42.29'),
  (772,22,28,0,'10.53.42.30'),
  (773,22,28,0,'10.53.42.31'),
  (774,22,28,0,'10.53.42.32'),
  (775,22,28,0,'10.53.42.33'),
  (776,22,28,0,'10.53.42.34'),
  (777,22,28,0,'10.53.42.35'),
  (778,22,28,0,'10.53.42.36'),
  (779,22,28,0,'10.53.42.37'),
  (780,22,28,0,'10.53.42.38'),
  (781,22,28,0,'10.53.42.39'),
  (782,22,28,0,'10.53.42.40'),
  (783,22,28,0,'10.53.42.41'),
  (784,22,28,0,'10.53.42.42'),
  (785,22,28,0,'10.53.42.43'),
  (786,22,28,0,'10.53.42.44'),
  (787,22,28,0,'10.53.42.45'),
  (788,22,28,0,'10.53.42.46'),
  (789,22,28,0,'10.53.42.47'),
  (790,22,28,0,'10.53.42.48'),
  (791,22,28,0,'10.53.42.49'),
  (792,22,28,0,'10.53.42.50'),
  (793,22,28,0,'10.53.42.51'),
  (794,22,28,0,'10.53.42.52'),
  (795,22,28,0,'10.53.42.53'),
  (796,22,28,0,'10.53.42.54'),
  (797,22,28,0,'10.53.42.55'),
  (798,22,28,0,'10.53.42.56'),
  (799,22,28,0,'10.53.42.57'),
  (800,22,28,0,'10.53.42.58'),
  (801,22,28,0,'10.53.42.59'),
  (802,22,28,0,'10.53.42.60'),
  (803,22,28,0,'10.53.42.61'),
  (804,22,28,0,'10.53.42.62'),
  (805,22,28,0,'10.53.42.63'),
  (806,22,28,0,'10.53.42.64'),
  (807,22,28,0,'10.53.42.65'),
  (808,22,28,0,'10.53.42.66'),
  (809,22,28,0,'10.53.42.67'),
  (810,22,28,0,'10.53.42.68'),
  (811,22,28,0,'10.53.42.69'),
  (812,22,28,0,'10.53.42.70'),
  (813,22,28,0,'10.53.42.71'),
  (814,22,28,0,'10.53.42.72'),
  (815,22,28,0,'10.53.42.73'),
  (816,22,28,0,'10.53.42.74'),
  (817,22,28,0,'10.53.42.75'),
  (818,22,28,0,'10.53.42.76'),
  (819,22,28,0,'10.53.42.77'),
  (820,22,28,0,'10.53.42.78'),
  (821,22,28,0,'10.53.42.79'),
  (822,22,28,0,'10.53.42.80'),
  (823,22,28,0,'10.53.42.81'),
  (824,22,28,0,'10.53.42.82'),
  (825,22,28,0,'10.53.42.83'),
  (826,22,28,0,'10.53.42.84'),
  (827,22,28,0,'10.53.42.85'),
  (828,22,28,0,'10.53.42.86'),
  (829,22,28,0,'10.53.42.87'),
  (830,22,28,0,'10.53.42.88'),
  (831,22,28,0,'10.53.42.89'),
  (832,22,28,0,'10.53.42.90'),
  (833,22,28,0,'10.53.42.91'),
  (834,22,28,0,'10.53.42.92'),
  (835,22,28,0,'10.53.42.93'),
  (836,22,28,0,'10.53.42.94'),
  (837,22,28,0,'10.53.42.95'),
  (838,22,28,0,'10.53.42.96'),
  (839,22,28,0,'10.53.42.97'),
  (840,22,28,0,'10.53.42.98'),
  (841,22,28,0,'10.53.42.99'),
  (842,22,28,0,'10.53.42.100'),
  (843,22,28,0,'10.53.42.101'),
  (844,22,28,0,'10.53.42.102'),
  (845,22,28,0,'10.53.42.103'),
  (846,22,28,0,'10.53.42.104'),
  (847,22,28,0,'10.53.42.105'),
  (848,22,28,0,'10.53.42.106'),
  (849,22,28,0,'10.53.42.107'),
  (850,22,28,0,'10.53.42.108'),
  (851,22,28,0,'10.53.42.109'),
  (852,22,28,0,'10.53.42.110'),
  (853,22,28,0,'10.53.42.111'),
  (854,22,28,0,'10.53.42.112'),
  (855,22,28,0,'10.53.42.113'),
  (856,22,28,0,'10.53.42.114'),
  (857,22,28,0,'10.53.42.115'),
  (858,22,28,0,'10.53.42.116'),
  (859,22,28,0,'10.53.42.117'),
  (860,22,28,0,'10.53.42.118'),
  (861,22,28,0,'10.53.42.119'),
  (862,22,28,0,'10.53.42.120'),
  (863,22,28,0,'10.53.42.121'),
  (864,22,28,0,'10.53.42.122'),
  (865,22,28,0,'10.53.42.123'),
  (866,22,28,0,'10.53.42.124'),
  (867,22,28,0,'10.53.42.125'),
  (868,22,28,0,'10.53.42.126'),
  (869,4,29,0,'10.53.43.194'),
  (870,4,29,0,'10.53.43.195'),
  (871,4,29,0,'10.53.43.196'),
  (872,4,29,0,'10.53.43.197'),
  (873,4,29,0,'10.53.43.198'),
  (874,4,29,0,'10.53.43.199'),
  (875,4,29,0,'10.53.43.200'),
  (876,4,29,0,'10.53.43.201'),
  (877,4,29,0,'10.53.43.202'),
  (878,4,29,0,'10.53.43.203'),
  (879,4,29,0,'10.53.43.204'),
  (880,4,29,0,'10.53.43.205'),
  (881,4,29,0,'10.53.43.206'),
  (882,4,29,0,'10.53.43.207'),
  (883,4,29,0,'10.53.43.208'),
  (884,4,29,0,'10.53.43.209'),
  (885,4,29,0,'10.53.43.210'),
  (886,4,29,0,'10.53.43.211'),
  (887,4,29,0,'10.53.43.212'),
  (888,4,29,0,'10.53.43.213'),
  (889,4,29,0,'10.53.43.214'),
  (890,4,29,0,'10.53.43.215'),
  (891,4,29,0,'10.53.43.216'),
  (892,4,29,0,'10.53.43.217'),
  (893,4,29,0,'10.53.43.218'),
  (894,4,29,0,'10.53.43.219'),
  (895,4,29,0,'10.53.43.220'),
  (896,4,29,0,'10.53.43.221'),
  (897,4,29,0,'10.53.43.222'),
  (898,4,29,0,'10.53.43.223'),
  (899,4,29,0,'10.53.43.224'),
  (900,4,29,0,'10.53.43.225'),
  (901,4,29,0,'10.53.43.226'),
  (902,4,29,0,'10.53.43.227'),
  (903,4,29,0,'10.53.43.228'),
  (904,4,29,0,'10.53.43.229'),
  (905,4,29,0,'10.53.43.230'),
  (906,4,29,0,'10.53.43.231'),
  (907,4,29,0,'10.53.43.232'),
  (908,4,29,0,'10.53.43.233'),
  (909,4,29,0,'10.53.43.234'),
  (910,4,29,0,'10.53.43.235'),
  (911,4,29,0,'10.53.43.236'),
  (912,4,29,0,'10.53.43.237'),
  (913,4,29,0,'10.53.43.238'),
  (914,4,29,0,'10.53.43.239'),
  (915,4,29,0,'10.53.43.240'),
  (916,4,29,0,'10.53.43.241'),
  (917,4,29,0,'10.53.43.242'),
  (918,4,29,0,'10.53.43.243'),
  (919,4,29,0,'10.53.43.244'),
  (920,4,29,0,'10.53.43.245'),
  (921,4,29,0,'10.53.43.246'),
  (922,4,29,0,'10.53.43.247'),
  (923,4,29,0,'10.53.43.248'),
  (924,4,29,0,'10.53.43.249'),
  (925,4,29,0,'10.53.43.250'),
  (926,4,29,0,'10.53.43.251'),
  (927,4,29,0,'10.53.43.252'),
  (928,4,29,0,'10.53.43.253'),
  (929,4,29,0,'10.53.43.254'),
  (991,24,31,0,'10.51.27.162'),
  (992,24,31,0,'10.51.27.163'),
  (993,24,31,0,'10.51.27.164'),
  (994,24,31,0,'10.51.27.165'),
  (995,24,31,0,'10.51.27.166'),
  (996,24,31,0,'10.51.27.167'),
  (997,24,31,0,'10.51.27.168'),
  (998,24,31,0,'10.51.27.169'),
  (999,24,31,0,'10.51.27.170'),
  (1000,24,31,0,'10.51.27.171'),
  (1001,24,31,0,'10.51.27.172'),
  (1002,24,31,0,'10.51.27.173'),
  (1003,24,31,0,'10.51.27.174'),
  (1004,24,31,0,'10.51.27.175'),
  (1005,24,31,0,'10.51.27.176'),
  (1006,24,31,0,'10.51.27.177'),
  (1007,24,31,0,'10.51.27.178'),
  (1008,24,31,0,'10.51.27.179'),
  (1009,24,31,0,'10.51.27.180'),
  (1010,24,31,0,'10.51.27.181'),
  (1011,24,31,0,'10.51.27.182'),
  (1012,24,31,0,'10.51.27.183'),
  (1013,24,31,0,'10.51.27.184'),
  (1014,24,31,0,'10.51.27.185'),
  (1015,24,31,0,'10.51.27.186'),
  (1016,24,31,0,'10.51.27.187'),
  (1017,24,31,0,'10.51.27.188'),
  (1018,24,31,0,'10.51.27.189'),
  (1019,24,31,0,'10.51.27.190'),
  (1020,25,32,0,'10.53.44.2'),
  (1021,25,32,0,'10.53.44.3'),
  (1022,25,32,0,'10.53.44.4'),
  (1023,25,32,0,'10.53.44.5'),
  (1024,25,32,0,'10.53.44.6'),
  (1025,25,32,0,'10.53.44.7'),
  (1026,25,32,0,'10.53.44.8'),
  (1027,25,32,0,'10.53.44.9'),
  (1028,25,32,0,'10.53.44.10'),
  (1029,25,32,0,'10.53.44.11'),
  (1030,25,32,0,'10.53.44.12'),
  (1031,25,32,0,'10.53.44.13'),
  (1032,25,32,0,'10.53.44.14'),
  (1033,25,32,0,'10.53.44.15'),
  (1034,25,32,0,'10.53.44.16'),
  (1035,25,32,0,'10.53.44.17'),
  (1036,25,32,0,'10.53.44.18'),
  (1037,25,32,0,'10.53.44.19'),
  (1038,25,32,0,'10.53.44.20'),
  (1039,25,32,0,'10.53.44.21'),
  (1040,25,32,0,'10.53.44.22'),
  (1041,25,32,0,'10.53.44.23'),
  (1042,25,32,0,'10.53.44.24'),
  (1043,25,32,0,'10.53.44.25'),
  (1044,25,32,0,'10.53.44.26'),
  (1045,25,32,0,'10.53.44.27'),
  (1046,25,32,0,'10.53.44.28'),
  (1047,25,32,0,'10.53.44.29'),
  (1048,25,32,0,'10.53.44.30'),
  (1049,25,32,0,'10.53.44.31'),
  (1050,25,32,0,'10.53.44.32'),
  (1051,25,32,0,'10.53.44.33'),
  (1052,25,32,0,'10.53.44.34'),
  (1053,25,32,0,'10.53.44.35'),
  (1054,25,32,0,'10.53.44.36'),
  (1055,25,32,0,'10.53.44.37'),
  (1056,25,32,0,'10.53.44.38'),
  (1057,25,32,0,'10.53.44.39'),
  (1058,25,32,0,'10.53.44.40'),
  (1059,25,32,0,'10.53.44.41'),
  (1060,25,32,0,'10.53.44.42'),
  (1061,25,32,0,'10.53.44.43'),
  (1062,25,32,0,'10.53.44.44'),
  (1063,25,32,0,'10.53.44.45'),
  (1064,25,32,0,'10.53.44.46'),
  (1065,25,32,0,'10.53.44.47'),
  (1066,25,32,0,'10.53.44.48'),
  (1067,25,32,0,'10.53.44.49'),
  (1068,25,32,0,'10.53.44.50'),
  (1069,25,32,0,'10.53.44.51'),
  (1070,25,32,0,'10.53.44.52'),
  (1071,25,32,0,'10.53.44.53'),
  (1072,25,32,0,'10.53.44.54'),
  (1073,25,32,0,'10.53.44.55'),
  (1074,25,32,0,'10.53.44.56'),
  (1075,25,32,0,'10.53.44.57'),
  (1076,25,32,0,'10.53.44.58'),
  (1077,25,32,0,'10.53.44.59'),
  (1078,25,32,0,'10.53.44.60'),
  (1079,25,32,0,'10.53.44.61'),
  (1080,25,32,0,'10.53.44.62'),
  (1081,25,32,0,'10.53.44.63');
COMMIT;

/* Data for the `ip_table` table  (LIMIT 1000,500) */

INSERT INTO `ip_table` (`id_ip`, `id_management`, `id_shluz_m`, `id_place`, `n_ip`) VALUES
  (1082,25,32,0,'10.53.44.64'),
  (1083,25,32,0,'10.53.44.65'),
  (1084,25,32,0,'10.53.44.66'),
  (1085,25,32,0,'10.53.44.67'),
  (1086,25,32,0,'10.53.44.68'),
  (1087,25,32,0,'10.53.44.69'),
  (1088,25,32,0,'10.53.44.70'),
  (1089,25,32,0,'10.53.44.71'),
  (1090,25,32,0,'10.53.44.72'),
  (1091,25,32,0,'10.53.44.73'),
  (1092,25,32,0,'10.53.44.74'),
  (1093,25,32,0,'10.53.44.75'),
  (1094,25,32,0,'10.53.44.76'),
  (1095,25,32,0,'10.53.44.77'),
  (1096,25,32,0,'10.53.44.78'),
  (1097,25,32,0,'10.53.44.79'),
  (1098,25,32,0,'10.53.44.80'),
  (1099,25,32,0,'10.53.44.81'),
  (1100,25,32,0,'10.53.44.82'),
  (1101,25,32,0,'10.53.44.83'),
  (1102,25,32,0,'10.53.44.84'),
  (1103,25,32,0,'10.53.44.85'),
  (1104,25,32,0,'10.53.44.86'),
  (1105,25,32,0,'10.53.44.87'),
  (1106,25,32,0,'10.53.44.88'),
  (1107,25,32,0,'10.53.44.89'),
  (1108,25,32,0,'10.53.44.90'),
  (1109,25,32,0,'10.53.44.91'),
  (1110,25,32,0,'10.53.44.92'),
  (1111,25,32,0,'10.53.44.93'),
  (1112,25,32,0,'10.53.44.94'),
  (1113,25,32,0,'10.53.44.95'),
  (1114,25,32,0,'10.53.44.96'),
  (1115,25,32,0,'10.53.44.97'),
  (1116,25,32,0,'10.53.44.98'),
  (1117,25,32,0,'10.53.44.99'),
  (1118,25,32,0,'10.53.44.100'),
  (1119,25,32,0,'10.53.44.101'),
  (1120,25,32,0,'10.53.44.102'),
  (1121,25,32,0,'10.53.44.103'),
  (1122,25,32,0,'10.53.44.104'),
  (1123,25,32,0,'10.53.44.105'),
  (1124,25,32,0,'10.53.44.106'),
  (1125,25,32,0,'10.53.44.107'),
  (1126,25,32,0,'10.53.44.108'),
  (1127,25,32,0,'10.53.44.109'),
  (1128,25,32,0,'10.53.44.110'),
  (1129,25,32,0,'10.53.44.111'),
  (1130,25,32,0,'10.53.44.112'),
  (1131,25,32,0,'10.53.44.113'),
  (1132,25,32,0,'10.53.44.114'),
  (1133,25,32,0,'10.53.44.115'),
  (1134,25,32,0,'10.53.44.116'),
  (1135,25,32,0,'10.53.44.117'),
  (1136,25,32,0,'10.53.44.118'),
  (1137,25,32,0,'10.53.44.119'),
  (1138,25,32,0,'10.53.44.120'),
  (1139,25,32,0,'10.53.44.121'),
  (1140,25,32,0,'10.53.44.122'),
  (1141,25,32,0,'10.53.44.123'),
  (1142,25,32,0,'10.53.44.124'),
  (1143,25,32,0,'10.53.44.125'),
  (1144,25,32,0,'10.53.44.126'),
  (1145,27,33,0,'10.53.43.130'),
  (1146,27,33,0,'10.53.43.131'),
  (1147,27,33,0,'10.53.43.132'),
  (1148,27,33,0,'10.53.43.133'),
  (1149,27,33,0,'10.53.43.134'),
  (1150,27,33,0,'10.53.43.135'),
  (1151,27,33,0,'10.53.43.136'),
  (1152,27,33,0,'10.53.43.137'),
  (1153,27,33,0,'10.53.43.138'),
  (1154,27,33,0,'10.53.43.139'),
  (1155,27,33,0,'10.53.43.140'),
  (1156,27,33,0,'10.53.43.141'),
  (1157,27,33,0,'10.53.43.142'),
  (1158,27,33,0,'10.53.43.143'),
  (1159,27,33,0,'10.53.43.144'),
  (1160,27,33,0,'10.53.43.145'),
  (1161,27,33,0,'10.53.43.146'),
  (1162,27,33,0,'10.53.43.147'),
  (1163,27,33,0,'10.53.43.148'),
  (1164,27,33,0,'10.53.43.149'),
  (1165,27,33,0,'10.53.43.150'),
  (1166,27,33,0,'10.53.43.151'),
  (1167,27,33,0,'10.53.43.152'),
  (1168,27,33,0,'10.53.43.153'),
  (1169,27,33,0,'10.53.43.154'),
  (1170,27,33,0,'10.53.43.155'),
  (1171,27,33,0,'10.53.43.156'),
  (1172,27,33,0,'10.53.43.157'),
  (1173,27,33,0,'10.53.43.158'),
  (1174,27,33,0,'10.53.43.159'),
  (1175,27,33,0,'10.53.43.160'),
  (1176,27,33,0,'10.53.43.161'),
  (1177,27,33,0,'10.53.43.162'),
  (1178,27,33,0,'10.53.43.163'),
  (1179,27,33,0,'10.53.43.164'),
  (1180,27,33,0,'10.53.43.165'),
  (1181,27,33,0,'10.53.43.166'),
  (1182,27,33,0,'10.53.43.167'),
  (1183,27,33,0,'10.53.43.168'),
  (1184,27,33,0,'10.53.43.169'),
  (1185,27,33,0,'10.53.43.170'),
  (1186,27,33,0,'10.53.43.171'),
  (1187,27,33,0,'10.53.43.172'),
  (1188,27,33,0,'10.53.43.173'),
  (1189,27,33,0,'10.53.43.174'),
  (1190,27,33,0,'10.53.43.175'),
  (1191,27,33,0,'10.53.43.176'),
  (1192,27,33,0,'10.53.43.177'),
  (1193,27,33,0,'10.53.43.178'),
  (1194,27,33,0,'10.53.43.179'),
  (1195,27,33,0,'10.53.43.180'),
  (1196,27,33,0,'10.53.43.181'),
  (1197,27,33,0,'10.53.43.182'),
  (1198,27,33,0,'10.53.43.183'),
  (1199,27,33,0,'10.53.43.184'),
  (1200,27,33,0,'10.53.43.185'),
  (1201,27,33,0,'10.53.43.186'),
  (1202,27,33,0,'10.53.43.187'),
  (1203,27,33,0,'10.53.43.188'),
  (1204,27,33,0,'10.53.43.189'),
  (1205,27,33,0,'10.53.43.190'),
  (1206,20,34,0,'10.53.40.130'),
  (1207,20,34,0,'10.53.40.131'),
  (1208,20,34,0,'10.53.40.132'),
  (1209,20,34,0,'10.53.40.133'),
  (1210,20,34,0,'10.53.40.134'),
  (1211,20,34,0,'10.53.40.135'),
  (1212,20,34,0,'10.53.40.136'),
  (1213,20,34,0,'10.53.40.137'),
  (1214,20,34,0,'10.53.40.138'),
  (1215,20,34,0,'10.53.40.139'),
  (1216,20,34,0,'10.53.40.140'),
  (1217,20,34,0,'10.53.40.141'),
  (1218,20,34,0,'10.53.40.142'),
  (1219,20,34,0,'10.53.40.143'),
  (1220,20,34,0,'10.53.40.144'),
  (1221,20,34,0,'10.53.40.145'),
  (1222,20,34,0,'10.53.40.146'),
  (1223,20,34,0,'10.53.40.147'),
  (1224,20,34,0,'10.53.40.148'),
  (1225,20,34,0,'10.53.40.149'),
  (1226,20,34,0,'10.53.40.150'),
  (1227,20,34,0,'10.53.40.151'),
  (1228,20,34,0,'10.53.40.152'),
  (1229,20,34,0,'10.53.40.153'),
  (1230,20,34,0,'10.53.40.154'),
  (1231,20,34,0,'10.53.40.155'),
  (1232,20,34,0,'10.53.40.156'),
  (1233,20,34,0,'10.53.40.157'),
  (1234,20,34,0,'10.53.40.158'),
  (1235,20,34,0,'10.53.40.159'),
  (1236,20,34,0,'10.53.40.160'),
  (1237,20,34,0,'10.53.40.161'),
  (1238,20,34,0,'10.53.40.162'),
  (1239,20,34,0,'10.53.40.163'),
  (1240,20,34,0,'10.53.40.164'),
  (1241,20,34,0,'10.53.40.165'),
  (1242,20,34,0,'10.53.40.166'),
  (1243,20,34,0,'10.53.40.167'),
  (1244,20,34,0,'10.53.40.168'),
  (1245,20,34,0,'10.53.40.169'),
  (1246,20,34,0,'10.53.40.170'),
  (1247,20,34,0,'10.53.40.171'),
  (1248,20,34,0,'10.53.40.172'),
  (1249,20,34,0,'10.53.40.173'),
  (1250,20,34,0,'10.53.40.174'),
  (1251,20,34,0,'10.53.40.175'),
  (1252,20,34,0,'10.53.40.176'),
  (1253,20,34,0,'10.53.40.177'),
  (1254,20,34,0,'10.53.40.178'),
  (1255,20,34,0,'10.53.40.179'),
  (1256,20,34,0,'10.53.40.180'),
  (1257,20,34,0,'10.53.40.181'),
  (1258,20,34,0,'10.53.40.182'),
  (1259,20,34,0,'10.53.40.183'),
  (1260,20,34,0,'10.53.40.184'),
  (1261,20,34,0,'10.53.40.185'),
  (1262,20,34,0,'10.53.40.186'),
  (1263,20,34,0,'10.53.40.187'),
  (1264,20,34,0,'10.53.40.188'),
  (1265,20,34,0,'10.53.40.189'),
  (1266,20,34,0,'10.53.40.190'),
  (1267,20,34,0,'10.53.40.191'),
  (1268,20,34,0,'10.53.40.192'),
  (1269,20,34,0,'10.53.40.193'),
  (1270,20,34,0,'10.53.40.194'),
  (1271,20,34,0,'10.53.40.195'),
  (1272,20,34,0,'10.53.40.196'),
  (1273,20,34,0,'10.53.40.197'),
  (1274,20,34,0,'10.53.40.198'),
  (1275,20,34,0,'10.53.40.199'),
  (1276,20,34,0,'10.53.40.200'),
  (1277,20,34,0,'10.53.40.201'),
  (1278,20,34,0,'10.53.40.202'),
  (1279,20,34,0,'10.53.40.203'),
  (1280,20,34,0,'10.53.40.204'),
  (1281,20,34,0,'10.53.40.205'),
  (1282,20,34,0,'10.53.40.206'),
  (1283,20,34,0,'10.53.40.207'),
  (1284,20,34,0,'10.53.40.208'),
  (1285,20,34,0,'10.53.40.209'),
  (1286,20,34,0,'10.53.40.210'),
  (1287,20,34,0,'10.53.40.211'),
  (1288,20,34,0,'10.53.40.212'),
  (1289,20,34,0,'10.53.40.213'),
  (1290,20,34,0,'10.53.40.214'),
  (1291,20,34,0,'10.53.40.215'),
  (1292,20,34,0,'10.53.40.216'),
  (1293,20,34,0,'10.53.40.217'),
  (1294,20,34,0,'10.53.40.218'),
  (1295,20,34,0,'10.53.40.219'),
  (1296,20,34,0,'10.53.40.220'),
  (1297,20,34,0,'10.53.40.221'),
  (1298,20,34,0,'10.53.40.222'),
  (1299,20,34,0,'10.53.40.223'),
  (1300,20,34,0,'10.53.40.224'),
  (1301,20,34,0,'10.53.40.225'),
  (1302,20,34,0,'10.53.40.226'),
  (1303,20,34,0,'10.53.40.227'),
  (1304,20,34,0,'10.53.40.228'),
  (1305,20,34,0,'10.53.40.229'),
  (1306,20,34,0,'10.53.40.230'),
  (1307,20,34,0,'10.53.40.231'),
  (1308,20,34,0,'10.53.40.232'),
  (1309,20,34,0,'10.53.40.233'),
  (1310,20,34,0,'10.53.40.234'),
  (1311,20,34,0,'10.53.40.235'),
  (1312,20,34,0,'10.53.40.236'),
  (1313,20,34,0,'10.53.40.237'),
  (1314,20,34,0,'10.53.40.238'),
  (1315,20,34,0,'10.53.40.239'),
  (1316,20,34,0,'10.53.40.240'),
  (1317,20,34,0,'10.53.40.241'),
  (1318,20,34,0,'10.53.40.242'),
  (1319,20,34,0,'10.53.40.243'),
  (1320,20,34,0,'10.53.40.244'),
  (1321,20,34,0,'10.53.40.245'),
  (1322,20,34,0,'10.53.40.246'),
  (1323,20,34,0,'10.53.40.247'),
  (1324,20,34,0,'10.53.40.248'),
  (1325,20,34,0,'10.53.40.249'),
  (1326,20,34,0,'10.53.40.250'),
  (1327,20,34,0,'10.53.40.251'),
  (1328,20,34,0,'10.53.40.252'),
  (1329,20,34,0,'10.53.40.253'),
  (1330,20,34,0,'10.53.40.254'),
  (1331,27,35,0,'10.53.41.162'),
  (1332,27,35,0,'10.53.41.163'),
  (1333,27,35,0,'10.53.41.164'),
  (1334,27,35,0,'10.53.41.165'),
  (1335,27,35,0,'10.53.41.166'),
  (1336,27,35,0,'10.53.41.167'),
  (1337,27,35,0,'10.53.41.168'),
  (1338,27,35,0,'10.53.41.169'),
  (1339,27,35,0,'10.53.41.170'),
  (1340,27,35,0,'10.53.41.171'),
  (1341,27,35,0,'10.53.41.172'),
  (1342,27,35,0,'10.53.41.173'),
  (1343,27,35,0,'10.53.41.174'),
  (1467,28,38,0,'10.53.41.194'),
  (1468,28,38,0,'10.53.41.195'),
  (1469,28,38,0,'10.53.41.196'),
  (1470,28,38,0,'10.53.41.197'),
  (1471,28,38,0,'10.53.41.198'),
  (1472,28,38,0,'10.53.41.199'),
  (1473,28,38,0,'10.53.41.200'),
  (1474,28,38,0,'10.53.41.201'),
  (1475,28,38,0,'10.53.41.202'),
  (1476,28,38,0,'10.53.41.203'),
  (1477,28,38,0,'10.53.41.204'),
  (1478,28,38,0,'10.53.41.205'),
  (1479,28,38,0,'10.53.41.206'),
  (1480,28,38,0,'10.53.41.207'),
  (1481,28,38,0,'10.53.41.208'),
  (1482,28,38,0,'10.53.41.209'),
  (1483,28,38,0,'10.53.41.210'),
  (1484,28,38,0,'10.53.41.211'),
  (1485,28,38,0,'10.53.41.212'),
  (1486,28,38,0,'10.53.41.213'),
  (1487,28,38,0,'10.53.41.214'),
  (1488,28,38,0,'10.53.41.215'),
  (1489,28,38,0,'10.53.41.216'),
  (1490,28,38,0,'10.53.41.217'),
  (1491,28,38,0,'10.53.41.218'),
  (1492,28,38,0,'10.53.41.219'),
  (1493,28,38,0,'10.53.41.220'),
  (1494,28,38,0,'10.53.41.221'),
  (1495,28,38,0,'10.53.41.222'),
  (1496,28,38,0,'10.53.41.223'),
  (1497,28,38,0,'10.53.41.224'),
  (1498,28,38,0,'10.53.41.225'),
  (1499,28,38,0,'10.53.41.226'),
  (1500,28,38,0,'10.53.41.227'),
  (1501,28,38,0,'10.53.41.228'),
  (1502,28,38,0,'10.53.41.229'),
  (1503,28,38,0,'10.53.41.230'),
  (1504,28,38,0,'10.53.41.231'),
  (1505,28,38,0,'10.53.41.232'),
  (1506,28,38,0,'10.53.41.233'),
  (1507,28,38,0,'10.53.41.234'),
  (1508,28,38,0,'10.53.41.235'),
  (1509,28,38,0,'10.53.41.236'),
  (1510,28,38,0,'10.53.41.237'),
  (1511,28,38,0,'10.53.41.238'),
  (1512,28,38,0,'10.53.41.239'),
  (1513,28,38,0,'10.53.41.240'),
  (1514,28,38,0,'10.53.41.241'),
  (1515,28,38,0,'10.53.41.242'),
  (1516,28,38,0,'10.53.41.243'),
  (1517,28,38,0,'10.53.41.244'),
  (1518,28,38,0,'10.53.41.245'),
  (1519,28,38,0,'10.53.41.246'),
  (1520,28,38,0,'10.53.41.247'),
  (1521,28,38,0,'10.53.41.248'),
  (1522,28,38,0,'10.53.41.249'),
  (1523,28,38,0,'10.53.41.250'),
  (1524,28,38,0,'10.53.41.251'),
  (1525,28,38,0,'10.53.41.252'),
  (1526,28,38,0,'10.53.41.253'),
  (1527,28,38,0,'10.53.41.254'),
  (1528,31,39,0,'10.53.53.98'),
  (1529,31,39,0,'10.53.53.99'),
  (1530,31,39,0,'10.53.53.100'),
  (1531,31,39,0,'10.53.53.101'),
  (1532,31,39,0,'10.53.53.102'),
  (1533,31,39,0,'10.53.53.103'),
  (1534,31,39,0,'10.53.53.104'),
  (1535,31,39,0,'10.53.53.105'),
  (1536,31,39,0,'10.53.53.106'),
  (1537,31,39,0,'10.53.53.107'),
  (1538,31,39,0,'10.53.53.108'),
  (1539,31,39,0,'10.53.53.109'),
  (1540,31,39,0,'10.53.53.110'),
  (1541,31,39,0,'10.53.53.111'),
  (1542,31,39,0,'10.53.53.112'),
  (1543,31,39,0,'10.53.53.113'),
  (1544,31,39,0,'10.53.53.114'),
  (1545,31,39,0,'10.53.53.115'),
  (1546,31,39,0,'10.53.53.116'),
  (1547,31,39,0,'10.53.53.117'),
  (1548,31,39,0,'10.53.53.118'),
  (1549,31,39,0,'10.53.53.119'),
  (1550,31,39,0,'10.53.53.120'),
  (1551,31,39,0,'10.53.53.121'),
  (1552,31,39,0,'10.53.53.122'),
  (1553,31,39,0,'10.53.53.123'),
  (1554,31,39,0,'10.53.53.124'),
  (1555,3,39,0,'10.53.53.125'),
  (1556,31,39,0,'10.53.53.126'),
  (1562,32,41,128,'10.53.43.66'),
  (1563,32,41,125,'10.53.43.67'),
  (1564,32,41,124,'10.53.43.68'),
  (1565,32,41,0,'10.53.43.69'),
  (1566,32,41,126,'10.53.43.70'),
  (1567,32,41,127,'10.53.43.71'),
  (1568,32,41,0,'10.53.43.72'),
  (1569,32,41,0,'10.53.43.73'),
  (1570,32,41,0,'10.53.43.74'),
  (1571,32,41,0,'10.53.43.75'),
  (1572,32,41,0,'10.53.43.76'),
  (1573,32,41,0,'10.53.43.77'),
  (1574,32,41,0,'10.53.43.78'),
  (1575,32,41,0,'10.53.43.79'),
  (1576,32,41,0,'10.53.43.80'),
  (1577,32,41,0,'10.53.43.81'),
  (1578,32,41,0,'10.53.43.82'),
  (1579,32,41,0,'10.53.43.83'),
  (1580,32,41,0,'10.53.43.84'),
  (1581,32,41,0,'10.53.43.85'),
  (1582,32,41,0,'10.53.43.86'),
  (1583,32,41,0,'10.53.43.87'),
  (1584,32,41,0,'10.53.43.88'),
  (1585,32,41,0,'10.53.43.89'),
  (1586,32,41,0,'10.53.43.90'),
  (1587,32,41,0,'10.53.43.91'),
  (1588,32,41,0,'10.53.43.92'),
  (1589,32,41,0,'10.53.43.93'),
  (1590,32,41,0,'10.53.43.94'),
  (1591,28,42,0,'10.53.41.130'),
  (1592,28,42,0,'10.53.41.131'),
  (1593,28,42,0,'10.53.41.132'),
  (1594,28,42,0,'10.53.41.133'),
  (1595,28,42,0,'10.53.41.134'),
  (1596,28,42,0,'10.53.41.135'),
  (1597,28,42,0,'10.53.41.136'),
  (1598,28,42,0,'10.53.41.137'),
  (1599,28,42,0,'10.53.41.138'),
  (1600,28,42,0,'10.53.41.139'),
  (1601,28,42,0,'10.53.41.140'),
  (1602,28,42,0,'10.53.41.141'),
  (1603,28,42,0,'10.53.41.142'),
  (1604,28,42,0,'10.53.41.143'),
  (1605,28,42,0,'10.53.41.144'),
  (1606,28,42,0,'10.53.41.145'),
  (1607,28,42,0,'10.53.41.146'),
  (1608,28,42,0,'10.53.41.147'),
  (1609,28,42,0,'10.53.41.148'),
  (1610,28,42,0,'10.53.41.149'),
  (1611,28,42,0,'10.53.41.150'),
  (1612,28,42,0,'10.53.41.151'),
  (1613,28,42,0,'10.53.41.152'),
  (1614,28,42,0,'10.53.41.153'),
  (1615,28,42,0,'10.53.41.154'),
  (1616,28,42,0,'10.53.41.155'),
  (1617,28,42,0,'10.53.41.156'),
  (1618,28,42,0,'10.53.41.157'),
  (1619,28,42,0,'10.53.41.158'),
  (1620,19,43,131,'10.53.40.34'),
  (1621,19,43,0,'10.53.40.35'),
  (1622,19,43,0,'10.53.40.36'),
  (1623,19,43,0,'10.53.40.37'),
  (1624,19,43,0,'10.53.40.38'),
  (1625,16,44,0,'10.53.46.250'),
  (1626,16,44,0,'10.53.46.251'),
  (1627,16,44,110,'10.53.46.252'),
  (1628,16,44,0,'10.53.46.253'),
  (1629,16,44,0,'10.53.46.254'),
  (1630,27,45,0,'10.53.48.66'),
  (1631,27,45,0,'10.53.48.67'),
  (1632,27,45,0,'10.53.48.68'),
  (1633,27,45,0,'10.53.48.69'),
  (1634,27,45,0,'10.53.48.70'),
  (1635,27,45,0,'10.53.48.71'),
  (1636,27,45,0,'10.53.48.72'),
  (1637,27,45,0,'10.53.48.73'),
  (1638,27,45,0,'10.53.48.74'),
  (1639,27,45,0,'10.53.48.75'),
  (1640,27,45,0,'10.53.48.76'),
  (1641,27,45,0,'10.53.48.77'),
  (1642,27,45,0,'10.53.48.78'),
  (1643,28,46,0,'10.53.49.2'),
  (1644,28,46,0,'10.53.49.3'),
  (1645,28,46,0,'10.53.49.4'),
  (1646,28,46,0,'10.53.49.5'),
  (1647,28,46,0,'10.53.49.6'),
  (1648,28,46,0,'10.53.49.7'),
  (1649,28,46,0,'10.53.49.8'),
  (1650,28,46,0,'10.53.49.9'),
  (1651,28,46,0,'10.53.49.10'),
  (1652,28,46,0,'10.53.49.11'),
  (1653,28,46,0,'10.53.49.12'),
  (1654,28,46,0,'10.53.49.13'),
  (1655,28,46,0,'10.53.49.14'),
  (1656,28,46,0,'10.53.49.15'),
  (1657,28,46,0,'10.53.49.16'),
  (1658,28,46,0,'10.53.49.17'),
  (1659,28,46,0,'10.53.49.18'),
  (1660,28,46,0,'10.53.49.19'),
  (1661,28,46,0,'10.53.49.20'),
  (1662,28,46,0,'10.53.49.21'),
  (1663,28,46,0,'10.53.49.22'),
  (1664,28,46,0,'10.53.49.23'),
  (1665,28,46,0,'10.53.49.24'),
  (1666,28,46,0,'10.53.49.25'),
  (1667,28,46,0,'10.53.49.26'),
  (1668,28,46,0,'10.53.49.27'),
  (1669,28,46,0,'10.53.49.28'),
  (1670,28,46,0,'10.53.49.29'),
  (1671,28,46,0,'10.53.49.30'),
  (1685,35,48,0,'10.53.53.34'),
  (1686,35,48,0,'10.53.53.35'),
  (1687,35,48,0,'10.53.53.36'),
  (1688,35,48,0,'10.53.53.37'),
  (1689,35,48,0,'10.53.53.38'),
  (1690,35,48,145,'10.53.53.39'),
  (1691,35,48,146,'10.53.53.40'),
  (1692,35,48,0,'10.53.53.41'),
  (1693,35,48,0,'10.53.53.42'),
  (1694,35,48,144,'10.53.53.43'),
  (1695,35,48,0,'10.53.53.44'),
  (1696,35,48,0,'10.53.53.45'),
  (1697,35,48,0,'10.53.53.46'),
  (1698,35,48,0,'10.53.53.47'),
  (1699,35,48,0,'10.53.53.48'),
  (1700,35,48,0,'10.53.53.49'),
  (1701,35,48,0,'10.53.53.50'),
  (1702,35,48,0,'10.53.53.51'),
  (1703,35,48,0,'10.53.53.52'),
  (1704,35,48,0,'10.53.53.53'),
  (1705,35,48,0,'10.53.53.54'),
  (1706,35,48,0,'10.53.53.55'),
  (1707,35,48,0,'10.53.53.56'),
  (1708,35,48,0,'10.53.53.57'),
  (1709,35,48,0,'10.53.53.58'),
  (1710,35,48,0,'10.53.53.59'),
  (1711,35,48,0,'10.53.53.60'),
  (1712,35,48,0,'10.53.53.61'),
  (1713,35,48,0,'10.53.53.62'),
  (1714,37,49,0,'10.53.53.82'),
  (1715,37,49,0,'10.53.53.83'),
  (1716,37,49,0,'10.53.53.84'),
  (1717,37,49,0,'10.53.53.85'),
  (1718,37,49,0,'10.53.53.86'),
  (1719,37,49,0,'10.53.53.87'),
  (1720,37,49,0,'10.53.53.88'),
  (1721,37,49,0,'10.53.53.89'),
  (1722,37,49,0,'10.53.53.90');
COMMIT;

/* Data for the `ip_table` table  (LIMIT 1213,500) */

INSERT INTO `ip_table` (`id_ip`, `id_management`, `id_shluz_m`, `id_place`, `n_ip`) VALUES
  (1723,37,49,0,'10.53.53.91'),
  (1724,37,49,0,'10.53.53.92'),
  (1725,37,49,0,'10.53.53.93'),
  (1726,37,49,0,'10.53.53.94'),
  (1727,15,50,0,'10.55.24.146'),
  (1728,15,50,0,'10.55.24.147'),
  (1729,15,50,0,'10.55.24.148'),
  (1730,15,50,0,'10.55.24.149'),
  (1731,15,50,0,'10.55.24.150'),
  (1732,15,50,0,'10.55.24.151'),
  (1733,15,50,0,'10.55.24.152'),
  (1734,15,50,0,'10.55.24.153'),
  (1735,15,50,0,'10.55.24.154'),
  (1736,15,50,0,'10.55.24.155'),
  (1737,15,50,0,'10.55.24.156'),
  (1738,15,50,0,'10.55.24.157'),
  (1739,15,50,0,'10.55.24.158'),
  (1740,18,51,0,'10.53.53.10'),
  (1741,18,51,0,'10.53.53.11'),
  (1742,18,51,0,'10.53.53.12'),
  (1743,18,51,0,'10.53.53.13'),
  (1744,18,51,0,'10.53.53.14'),
  (1745,38,52,0,'10.53.53.18'),
  (1746,38,52,0,'10.53.53.19'),
  (1747,38,52,0,'10.53.53.20'),
  (1748,38,52,0,'10.53.53.21'),
  (1749,38,52,0,'10.53.53.22'),
  (1750,12,53,0,'10.55.20.66'),
  (1751,12,53,0,'10.55.20.67'),
  (1752,12,53,0,'10.55.20.68'),
  (1753,12,53,0,'10.55.20.69'),
  (1754,12,53,0,'10.55.20.70'),
  (1755,18,54,297,'10.53.46.2'),
  (1756,18,54,0,'10.53.46.3'),
  (1757,18,54,0,'10.53.46.4'),
  (1758,18,54,296,'10.53.46.5'),
  (1759,18,54,298,'10.53.46.6'),
  (1760,38,55,0,'10.53.46.18'),
  (1761,38,55,227,'10.53.46.19'),
  (1762,38,55,0,'10.53.46.20'),
  (1763,38,55,0,'10.53.46.21'),
  (1764,38,55,0,'10.53.46.22'),
  (1770,39,57,0,'10.53.54.2'),
  (1771,39,57,0,'10.53.54.3'),
  (1772,39,57,0,'10.53.54.4'),
  (1773,39,57,0,'10.53.54.5'),
  (1774,39,57,0,'10.53.54.6'),
  (1775,40,58,0,'10.53.52.10'),
  (1776,40,58,0,'10.53.52.11'),
  (1777,40,58,0,'10.53.52.12'),
  (1778,40,58,0,'10.53.52.13'),
  (1779,40,58,0,'10.53.52.14'),
  (1784,18,60,0,'10.53.52.2'),
  (1785,18,60,0,'10.53.52.3'),
  (1786,18,60,0,'10.53.52.4'),
  (1787,18,60,0,'10.53.52.5'),
  (1788,18,60,0,'10.53.52.6'),
  (1789,41,61,0,'10.53.52.114'),
  (1790,41,61,0,'10.53.52.115'),
  (1791,41,61,0,'10.53.52.116'),
  (1792,41,61,0,'10.53.52.117'),
  (1793,41,61,0,'10.53.52.118'),
  (1794,8,62,0,'10.53.40.18'),
  (1795,8,62,0,'10.53.40.19'),
  (1796,8,62,0,'10.53.40.20'),
  (1797,8,62,0,'10.53.40.21'),
  (1798,8,62,0,'10.53.40.22'),
  (1803,43,64,0,'10.53.48.26'),
  (1804,43,64,155,'10.53.48.27'),
  (1805,43,64,0,'10.53.48.28'),
  (1806,43,64,0,'10.53.48.29'),
  (1807,43,64,0,'10.53.48.30'),
  (1808,18,65,0,'10.53.48.18'),
  (1809,18,65,0,'10.53.48.19'),
  (1810,18,65,0,'10.53.48.20'),
  (1811,18,65,0,'10.53.48.21'),
  (1812,18,65,0,'10.53.48.22'),
  (1813,44,66,0,'10.53.48.10'),
  (1814,44,66,0,'10.53.48.11'),
  (1815,44,66,0,'10.53.48.12'),
  (1816,44,66,0,'10.53.48.13'),
  (1817,44,66,0,'10.53.48.14'),
  (1818,18,67,245,'10.53.40.26'),
  (1819,18,67,0,'10.53.40.27'),
  (1820,18,67,248,'10.53.40.28'),
  (1821,18,67,246,'10.53.40.29'),
  (1822,18,67,247,'10.53.40.30'),
  (2077,47,69,301,'192.168.1.1'),
  (2078,47,69,303,'192.168.1.2'),
  (2079,47,69,0,'192.168.1.3'),
  (2080,47,69,0,'192.168.1.4'),
  (2081,47,69,304,'192.168.1.5'),
  (2082,47,69,302,'192.168.1.6'),
  (2083,47,69,0,'192.168.1.7'),
  (2084,47,69,0,'192.168.1.8'),
  (2085,47,69,0,'192.168.1.9'),
  (2086,47,69,305,'192.168.1.10'),
  (2087,47,69,316,'192.168.1.11'),
  (2088,47,69,311,'192.168.1.12'),
  (2089,47,69,0,'192.168.1.13'),
  (2090,47,69,309,'192.168.1.14'),
  (2091,47,69,307,'192.168.1.15'),
  (2092,47,69,318,'192.168.1.16'),
  (2093,47,69,312,'192.168.1.17'),
  (2094,47,69,319,'192.168.1.18'),
  (2095,47,69,314,'192.168.1.19'),
  (2096,47,69,308,'192.168.1.20'),
  (2097,47,69,317,'192.168.1.21'),
  (2098,47,69,313,'192.168.1.22'),
  (2099,47,69,310,'192.168.1.23'),
  (2100,47,69,0,'192.168.1.24'),
  (2101,47,69,0,'192.168.1.25'),
  (2102,47,69,0,'192.168.1.26'),
  (2103,47,69,0,'192.168.1.27'),
  (2104,47,69,0,'192.168.1.28'),
  (2105,47,69,0,'192.168.1.29'),
  (2106,47,69,320,'192.168.1.30'),
  (2107,47,69,0,'192.168.1.31'),
  (2108,47,69,0,'192.168.1.32'),
  (2109,47,69,0,'192.168.1.33'),
  (2110,47,69,0,'192.168.1.34'),
  (2111,47,69,0,'192.168.1.35'),
  (2112,47,69,0,'192.168.1.36'),
  (2113,47,69,0,'192.168.1.37'),
  (2114,47,69,0,'192.168.1.38'),
  (2115,47,69,0,'192.168.1.39'),
  (2116,47,69,0,'192.168.1.40'),
  (2117,47,69,0,'192.168.1.41'),
  (2118,47,69,0,'192.168.1.42'),
  (2119,47,69,0,'192.168.1.43'),
  (2120,47,69,0,'192.168.1.44'),
  (2121,47,69,0,'192.168.1.45'),
  (2122,47,69,0,'192.168.1.46'),
  (2123,47,69,0,'192.168.1.47'),
  (2124,47,69,0,'192.168.1.48'),
  (2125,47,69,0,'192.168.1.49'),
  (2126,47,69,0,'192.168.1.50'),
  (2127,47,69,0,'192.168.1.51'),
  (2128,47,69,0,'192.168.1.52'),
  (2129,47,69,0,'192.168.1.53'),
  (2130,47,69,0,'192.168.1.54'),
  (2131,47,69,0,'192.168.1.55'),
  (2132,47,69,0,'192.168.1.56'),
  (2133,47,69,0,'192.168.1.57'),
  (2134,47,69,0,'192.168.1.58'),
  (2135,47,69,0,'192.168.1.59'),
  (2136,47,69,0,'192.168.1.60'),
  (2137,47,69,0,'192.168.1.61'),
  (2138,47,69,0,'192.168.1.62'),
  (2139,47,69,0,'192.168.1.63'),
  (2140,47,69,0,'192.168.1.64'),
  (2141,47,69,0,'192.168.1.65'),
  (2142,47,69,0,'192.168.1.66'),
  (2143,47,69,0,'192.168.1.67'),
  (2144,47,69,0,'192.168.1.68'),
  (2145,47,69,0,'192.168.1.69'),
  (2146,47,69,0,'192.168.1.70'),
  (2147,47,69,0,'192.168.1.71'),
  (2148,47,69,0,'192.168.1.72'),
  (2149,47,69,0,'192.168.1.73'),
  (2150,47,69,0,'192.168.1.74'),
  (2151,47,69,0,'192.168.1.75'),
  (2152,47,69,0,'192.168.1.76'),
  (2153,47,69,0,'192.168.1.77'),
  (2154,47,69,0,'192.168.1.78'),
  (2155,47,69,0,'192.168.1.79'),
  (2156,47,69,0,'192.168.1.80'),
  (2157,47,69,0,'192.168.1.81'),
  (2158,47,69,0,'192.168.1.82'),
  (2159,47,69,0,'192.168.1.83'),
  (2160,47,69,0,'192.168.1.84'),
  (2161,47,69,0,'192.168.1.85'),
  (2162,47,69,0,'192.168.1.86'),
  (2163,47,69,0,'192.168.1.87'),
  (2164,47,69,0,'192.168.1.88'),
  (2165,47,69,0,'192.168.1.89'),
  (2166,47,69,0,'192.168.1.90'),
  (2167,47,69,0,'192.168.1.91'),
  (2168,47,69,0,'192.168.1.92'),
  (2169,47,69,0,'192.168.1.93'),
  (2170,47,69,0,'192.168.1.94'),
  (2171,47,69,0,'192.168.1.95'),
  (2172,47,69,0,'192.168.1.96'),
  (2173,47,69,0,'192.168.1.97'),
  (2174,47,69,0,'192.168.1.98'),
  (2175,47,69,0,'192.168.1.99'),
  (2176,47,69,306,'192.168.1.100'),
  (2177,47,69,0,'192.168.1.101'),
  (2178,47,69,0,'192.168.1.102'),
  (2179,47,69,0,'192.168.1.103'),
  (2180,47,69,0,'192.168.1.104'),
  (2181,47,69,0,'192.168.1.105'),
  (2182,47,69,0,'192.168.1.106'),
  (2183,47,69,0,'192.168.1.107'),
  (2184,47,69,0,'192.168.1.108'),
  (2185,47,69,0,'192.168.1.109'),
  (2186,47,69,0,'192.168.1.110'),
  (2187,47,69,0,'192.168.1.111'),
  (2188,47,69,0,'192.168.1.112'),
  (2189,47,69,0,'192.168.1.113'),
  (2190,47,69,0,'192.168.1.114'),
  (2191,47,69,0,'192.168.1.115'),
  (2192,47,69,0,'192.168.1.116'),
  (2193,47,69,0,'192.168.1.117'),
  (2194,47,69,0,'192.168.1.118'),
  (2195,47,69,0,'192.168.1.119'),
  (2196,47,69,0,'192.168.1.120'),
  (2197,47,69,0,'192.168.1.121'),
  (2198,47,69,0,'192.168.1.122'),
  (2199,47,69,0,'192.168.1.123'),
  (2200,47,69,0,'192.168.1.124'),
  (2201,47,69,0,'192.168.1.125'),
  (2202,47,69,0,'192.168.1.126');
COMMIT;

/* Data for the `manag_state` table  (LIMIT 0,500) */

INSERT INTO `manag_state` (`id_s_m`, `id_management`, `id_station`) VALUES
  (1,1,1),
  (2,2,1),
  (3,3,1),
  (4,4,1),
  (6,5,1),
  (7,6,1),
  (8,2,2),
  (9,2,3),
  (10,1,3),
  (11,3,3),
  (13,2,5),
  (14,2,4),
  (15,7,4),
  (16,8,1),
  (17,9,1),
  (18,10,1),
  (19,11,1),
  (20,12,1),
  (21,13,1),
  (22,14,1),
  (25,17,1),
  (27,20,1),
  (28,21,1),
  (31,24,1),
  (32,25,1),
  (33,26,1),
  (34,27,1),
  (35,28,1),
  (37,29,4),
  (39,19,1),
  (40,30,1),
  (41,16,9),
  (44,28,3),
  (45,32,1),
  (47,33,2),
  (51,22,1),
  (52,34,3),
  (53,35,4),
  (54,31,4),
  (55,12,3),
  (57,18,1),
  (58,37,4),
  (59,15,4),
  (60,18,4),
  (61,27,3),
  (62,18,2),
  (63,38,2),
  (64,38,4),
  (65,39,6),
  (67,40,5),
  (68,41,5),
  (69,18,5),
  (70,43,1),
  (72,43,3),
  (73,18,3),
  (74,44,3),
  (75,45,1),
  (76,15,8),
  (77,47,10);
COMMIT;

/* Data for the `management` table  (LIMIT 0,500) */

INSERT INTO `management` (`id_management`, `n_management`, `note`) VALUES
  (1,'РВЦ1',''),
  (2,'СК ДУД',''),
  (3,'ЛАФТО',''),
  (4,'ТрансКонтейнер',''),
  (5,'ДИ СПС',''),
  (6,'Недок.',''),
  (7,'СК ЦНТИБ','музей поездов'),
  (8,'РЦС1',''),
  (9,'НУЗ','Амбулатория ТЧЦЭ-56'),
  (10,'Транс-Энерго',''),
  (11,'ДСС','ДонЦентрСервис'),
  (13,'СК АХЦ',''),
  (14,'ОЦО',''),
  (15,'ФПК',''),
  (16,'ЭЧЭ-103',''),
  (17,'ДЖД','Детская дорога'),
  (18,'ДИ ПЧ-3',''),
  (19,'ЭЧК-105',''),
  (20,'СК НГЧ-1',''),
  (21,'ВЧДЭ-5',''),
  (22,'СМТ-6','строительная контора'),
  (24,'НОР-1','вневед. охрана'),
  (25,'ДИ ЦДМ','Центр диагностики и '),
  (27,'СК ДМ',''),
  (28,'СКДТВ','дир. тепл. вод. снаб'),
  (31,'СК ЦМ','Центр метрологии'),
  (32,'ДИ В','Служ. ваг. хоз. Рев.'),
  (33,'ШЧ-2',''),
  (34,'СК ДАВС','Авар. Восст, Средст.'),
  (35,'ДКРЭ',''),
  (37,'ДИ ПЧМ-1',''),
  (38,'ДИ ПЧ ИССО','Дист. инж. сооруж.'),
  (39,'ДИ ПЧ-2',''),
  (40,'ЭЧК-107',''),
  (41,'ЭЧЭ-104',''),
  (43,'ТЧ-6','ТЧ-6'),
  (44,'1-я служба',''),
  (45,'ДИ ДПМ',''),
  (47,'Южный Регион Холдинг','');
COMMIT;

/* Data for the `pl_prog` table  (LIMIT 0,500) */

INSERT INTO `pl_prog` (`id_pl_prog`, `id_prog`, `id_place`) VALUES
  (2,2,3),
  (3,2,11),
  (4,2,12),
  (5,1,14),
  (6,2,17),
  (7,5,17),
  (8,7,19),
  (9,7,20),
  (10,3,25),
  (11,7,25),
  (17,8,31),
  (18,4,30),
  (19,6,30),
  (20,2,30),
  (21,4,28),
  (22,6,28),
  (23,2,28),
  (24,8,28),
  (25,4,34),
  (26,6,34),
  (27,2,34),
  (28,8,34),
  (29,1,35),
  (30,4,36),
  (31,6,36),
  (32,2,36),
  (33,5,36),
  (34,4,45),
  (35,2,45),
  (36,4,46),
  (37,3,49),
  (38,9,49),
  (39,4,51),
  (40,6,51),
  (41,9,51),
  (42,2,51),
  (43,4,53),
  (45,4,54),
  (47,1,56),
  (48,7,57),
  (49,1,58),
  (53,10,63),
  (54,2,67),
  (55,3,68),
  (56,7,68),
  (57,3,85),
  (58,3,87),
  (59,11,90),
  (60,4,97),
  (61,2,97),
  (62,9,97),
  (63,2,99),
  (64,8,99),
  (65,3,57),
  (66,3,19),
  (67,2,20),
  (68,33,57),
  (72,4,105),
  (73,10,105),
  (74,7,105),
  (81,3,46),
  (82,10,53),
  (83,3,53),
  (84,10,54),
  (85,2,54),
  (86,2,232),
  (87,3,233),
  (88,3,234),
  (89,3,231),
  (95,3,235),
  (96,3,236),
  (97,3,237),
  (98,2,239),
  (99,10,52),
  (100,2,52),
  (101,3,319),
  (102,39,319),
  (103,37,313),
  (104,39,313),
  (105,3,317),
  (106,38,317),
  (107,3,312),
  (108,39,312),
  (109,41,312),
  (110,40,311),
  (111,39,311),
  (112,41,311),
  (113,3,314),
  (114,39,314),
  (115,42,314),
  (116,41,319),
  (117,42,319),
  (118,3,309),
  (119,43,309),
  (120,44,309),
  (121,38,309),
  (122,3,310),
  (123,39,310),
  (124,3,304),
  (125,43,304),
  (126,3,307),
  (127,3,316),
  (128,38,316),
  (129,38,318),
  (130,3,318);
COMMIT;

/* Data for the `place` table  (LIMIT 0,500) */

INSERT INTO `place` (`id_place`, `id_s_m`, `person_name`, `id_building`, `p_post`, `p_phone`, `email`, `note`, `n_computer`, `r_u`) VALUES
  (3,1,'Бубликов Д. Н.',2,'электроник II кат.','58168','DBublikov@skzd.mps','','RVC1-TOVARNY','u'),
  (10,7,'vpn client1',2,'','','','','vpn3','r'),
  (11,2,'Павлова Л. В.',1,'секретарь','54303','','','DSRTOVSECRET','r'),
  (12,8,'Козырева Алла Александровна',5,'оператор','5-76-16','','','DSKIZITTK1','r'),
  (14,8,'Самсонова Ольга (телеграф)',5,'оператор','5-76-06','','','9','r'),
  (15,8,'',5,'рапортист','5-76-16','','','2','r'),
  (16,8,'Сечина И.И.',7,'акт1','5-53-12','','','DSKIZOT1','r'),
  (17,10,'Выпирайлов А.С.',9,'электроник','57334','AVipirailov@skzd.rzd','','DSZAPASU1','n'),
  (18,8,'Амбарцумян Артем Агасиевич',7,'акт2 ДСЗ','3-91-90','','','DSKIZTELEGRAF','r'),
  (19,8,'Константинов Нарек Арутюшаевич',7,'ДС','5-58-95','','','DSKIZITDS','u'),
  (20,8,'Логинов Павел Владимирович',7,'ман. дисп.','5-58-94','','','DSKIZMANEVR','r'),
  (21,8,'Кузуб',7,'НГР','5-40-18','','','DSKIZNGR','r'),
  (22,8,'Крикунова Н.Н.',7,'приемосдат.','5-51-71','','','DSKIZPR2','r'),
  (23,8,'Телеграф',7,'Телеграф','5-40-18','','','DSKIZTO01','r'),
  (25,8,'',6,'оператор','5-76-04','','','DSKIZOPERDSP01','r'),
  (28,11,'ТАМОЖНЯ',9,'агент СФТО','57-330','ASGrishko@skzd.rzd','','DSZAPTVK4','r'),
  (29,11,'Воинская касса',9,'агент СФТО','57-235','','','DSZAPTVK3','r'),
  (30,11,'Волкова Т.А.',9,'агент СФТО','57-330','TVolkova@skzd.rzd','','DSZAPTVK1','r'),
  (31,11,'ТАМОЖНЯ',9,'агент СФТО','57-371','','','DSZAPTVK2','r'),
  (32,11,'Доголдиева Ирина Николаевна',9,'агент СФТО','57-221','IDogoldieva@skzd.rzd','','DSZAPTVK6','r'),
  (33,11,'Орлова Татьяна Валентиновна',9,'агент СФТО','57-330','TOrlova@skzd.rzd','','DSZAPTVK5','r'),
  (34,11,'Закарян Юлия Евгеньевна',9,'агент СФТО','57-335','UZakaryn@skzd.rzd','','DSZAPTVK7','r'),
  (35,11,'КАССА по ф Западный',9,'агент СФТО','57-287','','','DSZAPTVK8','r'),
  (36,10,'Агузумцян Г.Г',9,'электроник','57-236','GAguzumtsyan@skzd.rz','','DSZAPASU2','r'),
  (37,7,'proxy 2003',2,'','','','VPN','','r'),
  (38,7,'xserver',2,'','','','','vpn1','r'),
  (39,7,'xserver_vpn',2,'','','','','vpn2','r'),
  (40,7,'vpn client2',2,'','','','','vpn4','r'),
  (41,7,'vpn client3',2,'','','','','vpn5','r'),
  (42,7,'vpn client4',2,'','','','','vpn6','r'),
  (43,7,'',2,'lenovo','','','','lenovo','r'),
  (44,7,'',2,'фирмачи','','','','firma','r'),
  (45,2,'Балякно Е.Б.',4,'6 гр. оператор','55858','','','DSRTOVGR_A','r'),
  (46,17,'Мартынова О.А.',4,'фельдшер','5-54-49','','daorliar','TERMINAL604507','u'),
  (47,2,'Гусяков Н.Г.',3,'нач. штаба. ГО','54088','','','DSRTOVGO','r'),
  (48,2,'Беседина Ю.А.',4,'7 деж. по парку','58119','','','DSRTOVDSP','r'),
  (49,2,'',4,'5 накопитель','58035','','','DSRTOVTK3','r'),
  (50,2,'Галат Игорь Борисович',4,'8 нач. груз. р-на','58036','','','DSTOVNGRUZ','r'),
  (51,2,'Мариневская Т.В.',4,'4 нач. тех. конт.','58023','','','DSRTOVNTK','r'),
  (52,2,'Трегубенко Александр Федорович',4,'2 Гл. инженер','39028','','','DSRTOVTK02','u'),
  (53,2,'Зверева Л.',4,'приемосдат','50856','','','DSRTOVPR02','r'),
  (54,2,'Каирова Надежда Алексеевна',4,'приемосдат','50856','','','DSRTOVPR1','r'),
  (55,2,'Полухина Татьяна Алексеевна',4,'приемосдатчик','58030','','','Rostselmash','r'),
  (56,2,'',4,'рапортист','58023','','','RAPRTOV','r'),
  (57,2,'Студия',4,'Студия','58201','','','DSRTOVSTUD','u'),
  (58,2,'TELEGRAF',4,'6','54084','','','111','r'),
  (60,2,'Молчанов Максим Александрович',1,'ДС','58200','','','DSRTOVDS','r'),
  (61,2,'Магрицкий В.И.',1,'ДСЗГ','55470','','','COMPUTER','r'),
  (62,2,'Владимиров А. Л.',3,'инженер','58228','','','17','r'),
  (63,2,'Косенко И.Б.',4,'8 приемосдат','54084','','','DSRTOVAKT2','r'),
  (66,2,'Нерезько Н.И.',1,'табельщица','55361','','','DSRTOVP14','r'),
  (67,2,'ЭЦ Телеграф',12,'оператор','58115','','','DSRTOVEC-01','r'),
  (68,2,'ЭЦ Гид-Урал',12,'оператор','58204','','','DSRTOVEC01','u'),
  (69,2,'',13,'СВХ','58154','','','21','r'),
  (71,2,'Дудочкина Марина Геннадьевна',4,'1 инж. по охр. труд.','58091','','','RTOVADDZG','r'),
  (72,2,'Гаджимурадова Анна Владимировн',4,'1 Технолог I кат.','58225','','','DSRTOVOT1','r'),
  (73,2,'Румянцева Елена Николаевна',4,'1 инженер','58091','','','dsrtovto5','r'),
  (74,2,'Демченко М. Э.',3,'инженер','58249, 55598 бес','','','dsrtovec2','r'),
  (75,2,'Владимиров А. Л.',4,'1 инженер','58228','','','DSRTOVTO2','r'),
  (76,2,'Демченко М. Э.',3,'принтер','58249','','','ere','r'),
  (77,2,'Демченко М. Э.',3,'учебный 9','58249','','','dsrtovkl9','r'),
  (78,2,'Демченко М. Э.',3,'учебный 2','58249','','','dsrtovkl2','r'),
  (79,2,'Демченко М. Э.',3,'учебный 3','58249','','','dsrtovkl3','r'),
  (80,2,'Демченко М. Э.',3,'учебный 4','58249','','','dsrtovkl4','r'),
  (81,2,'Демченко М. Э.',3,'учебный 5','58249','','','dsrtovkl5','r'),
  (82,2,'Демченко М. Э.',3,'учебный 6','58249','','','dsrtovkl6','r'),
  (83,2,'Демченко М. Э.',3,'учебный 7','58249','','','dsrtovkly7','r'),
  (84,2,'Демченко М. Э.',3,'учебный 8','58249','','','dsrtovkly8','r'),
  (85,2,'Литовченко Н.Е.',1,'агент CФТО','55490','','пароль Dstov3225','DSKIZAFTOTVK01','r'),
  (86,2,'Тарик С.В.',1,'агент CФТО','58048','','','DSRTOVTVK3','r'),
  (87,2,'Аскерова Н.Ю.',1,'агент CФТО','58216','','','AFTORTOVAGEN3','r'),
  (90,2,'Бригадирова Кристина Михайловн',1,'агент CФТО','58088','tcfto-KBrigadirova@skzd.','','DSRTOVTVK01','r'),
  (91,2,'Свирская Г.М.',1,'агент CФТО','58205','','','DSRTOVTVK15','r'),
  (93,1,'Быкадоров А. А.',2,'электроник II кат.','58164','','','RIVCROSTOVARNA','r'),
  (94,1,'Быкадоров А. А.',2,'электроник II кат.','58168','','','eterezjuk','r'),
  (95,2,'Марков Владимир Юрьевич',3,'ревизор','58125, 39156','SChuprikov@skzd.rzd','','DSRTOVREVIZOR','r'),
  (96,16,'Никитин А.А.',14,'механик','55503, 59063','rcs1-ANikitin@','','TOV-RCS1','r'),
  (97,2,'',4,'4 оператор стц','55809','','','DSRTOVTK1','r'),
  (99,8,'Лутинская Г. И.',7,'приемосдат.','5-51-71','','','DSKIZPR1','r'),
  (102,2,'Демченко М. Э.',3,'учебный 1','58249','','','ytyh','r'),
  (104,2,'Борис Борисович',4,'совет. вет','54029','','','00001','r'),
  (105,2,'Оганезов Андрей Игорьевич',4,'3 Зам. ДС','55317','AOganezov@skzd.rzd','','DSTOV-ZAMDS','r'),
  (110,41,'Кадочниква Светлана',22,'','57615','','','4546656','r'),
  (112,2,'Демченко М. Э.',3,'учебный 10','58249','','','dsrtovkl10','r'),
  (113,7,'Роутер',2,'элект','','','','Роутер','r'),
  (114,70,'ЭТСО-1203-10.53.43.20-РОСТОВ',4,'','','','','www6','r'),
  (116,6,'Ф1',24,'','5-94-08','','','dissps1','r'),
  (117,6,'ф2',24,'','','','','di-gnil-ssps3','r'),
  (118,6,'ф3',24,'','5-50-38','','','dissps2','r'),
  (122,36,'Токаренко М.С.',25,'мастер','55994','','','pchu-2-tovar','r'),
  (123,36,'Солтавец Д. И.',25,'','55994','','','pch-3pds2','r'),
  (124,45,'Гребенников Дмитрий Юрьевич',26,'ревизор','','','','URB-REVIZO0071','r'),
  (125,45,'wwww',26,'ревизор','','','','urb-revizor002','r'),
  (126,45,'Бабешко Борис Александрович',26,'прием. под. состава','5-40-66','vchd2-BABabeshko@skzd.rz','','vb-revizor02','r'),
  (127,45,'Умнов Сергей Иванович',26,'инспектор','5-40-66','SUmnov@skzd.rzd','','urb-inspektor','r'),
  (128,45,'Зиберов Олег Вадимович',26,'3 Гл. инженер','5-93-38','','','URB-NACHOTD','r'),
  (130,39,'',20,'','','','','sdsbbb','r'),
  (131,39,'Никитина Марина Владиславовна',20,'электромонтер','55211','','','ech1-echk1-105','r'),
  (134,22,'Иващенко Марина Владимировна',15,'Начальник сектора','5-04-14','','','dss-zamgb','r'),
  (141,22,'Казакова Надежда Николаевна',15,'1 Гл. бухгалтер','5-56-75','','','dss-glavbuh','r'),
  (144,53,'Подгорный Эдуард Анатольевич',11,'оператор','34067','','','DSGNILELPOEZD4','r'),
  (145,53,'Мержоева Т.Н.',11,'оператор','32315','','','DSGNILPOEZD2','r'),
  (146,53,'',11,'оператор','','','','DSGNILPOEZD1','r'),
  (147,21,'',15,'Р.С.','','','','ahcrusst2','r'),
  (148,21,'Ершова Оксана Валерьевна',15,'Р.С.Вед. инж. ЦДС','58110','','','russkiy-stil-p','r'),
  (149,21,'',15,'Р.С.','','','','ahc-restor-21','r'),
  (150,2,'Серебряков Александр Владимиро',4,'5 маневровый','55013','','','rtov-tk2','r'),
  (151,75,'wqeeqe',24,'','','','','wewrer3','r'),
  (152,75,'rert5t',24,'','','','','defrg555','r'),
  (155,72,'',23,'','','','','Терминал','r'),
  (156,7,'',2,'','','','','Rez_3','r'),
  (157,52,'davs1',23,'','','','','davs1','r'),
  (158,52,'davs2',23,'','','','','davs2','r'),
  (159,52,'davs3',23,'','','','','davs3','r'),
  (160,52,'davs4',23,'','','','','davs4','r'),
  (161,52,'davs5',23,'','','','','davs5','r'),
  (162,52,'davs6',23,'','','','','davs6','r'),
  (163,52,'davs7',23,'','','','','davs7','r'),
  (164,52,'davs8',23,'','','','','davs8','r'),
  (165,52,'davs9',23,'','','','','davs9','r'),
  (166,52,'davs10',23,'','','','','davs10','r'),
  (167,52,'davs11',23,'','','','','davs11','r'),
  (168,52,'davs12',23,'','','','','davs12','r'),
  (169,52,'davs13',23,'','','','','davs13','r'),
  (170,52,'davs14',23,'','','','','davs14','r'),
  (171,52,'davs15',23,'','','','','davs15','r'),
  (172,52,'davs16',23,'','','','','davs16','r'),
  (173,52,'davs17',23,'','','','','davs17','r'),
  (174,52,'davs18',9,'','','','','davs18','r'),
  (175,52,'davs19',23,'','','','','davs19','r'),
  (176,52,'davs20',23,'','','','','davs20','r'),
  (177,52,'davs21',23,'','','','','davs21','r'),
  (178,52,'davs22',23,'','','','','davs22','r'),
  (179,52,'davs23',23,'','','','','davs23','r'),
  (180,52,'davs24',23,'','','','','davs24','r'),
  (181,52,'davs25',23,'','','','','davs25','r'),
  (182,52,'davs26',23,'','','','','davs26','r'),
  (183,52,'davs27',23,'Зам. Нач. ДАВС','','','','davs27','r'),
  (184,52,'davs28',23,'Пред. профсоюза','','','','davs28','r'),
  (185,52,'davs29',23,'зам. пред. профсоюза','','','','davs29','r'),
  (186,1,'Modem-DSS',15,'Модем для ДСС','5-81-68','','неизвестен','dss1','r'),
  (187,19,'Гаврина Инна Петровна',15,'6 Зам. нач. отдела','5-04-15','','','dss-run02','r'),
  (188,19,'Лапчевская Мария Сергеевна',15,'5 Вед. спец.','5-04-35','','','dss3','r'),
  (189,19,'Некрасова Виктория Леонидовна',15,'91 Зам. нач. отдела','5-04-31','','','dss-kadry-02','r'),
  (190,22,'Зубарева Полина Леонидовна',15,'Бухгалтер','5-43-23','','','buh_1','r'),
  (191,19,'Ануфриева Екатерина Сергеевна',15,'91 л.к. Инженер','5-04-02','DSS-EAnufrieva@skzd.rzd','','OLGAHARCH-PC','r'),
  (193,19,'Шуваева Наталья Евгеньевна',15,'6 Экономист II кат.','5-04-21','','','babekdash-pc','r'),
  (194,19,'Скляров Вадим Николаевич',15,'0 Инженер 1 кат.','5-04-01','','','dss-sklyarov','r'),
  (195,19,'Скрипников Виталий Петрович',15,'9 Вед. инженер','5-04-09','','','dss10','r'),
  (196,19,'Лавренко Елена Ивановна',15,'6 Ведущий экономист','5-50-60','','','dss-plan5','r'),
  (197,19,'Морозова Роза Михайловна',15,'6 Ведущий экономист','5-50-60','','','dss-plan02','r'),
  (198,19,'Кананян Рита Геворковна',15,'6 Экономист','5-04-19','','','dss-dboikova1','r'),
  (199,19,'Сорокина Наталья Константиновн',15,'6 Техник I кат.','5-04-21','','','dss-nsorokina2','r'),
  (200,19,'Иванцова Вера Сергеевна',15,'6 Инж. 2 кат. орг.','5-04-33','','','dss-suhover','r'),
  (201,19,'Сухорукова Марина Николаевна',15,'4 Инсп. по произ.','5-04-00','','','dss-secretar01','r'),
  (202,19,'Кутняхов Виктор Михайлович',15,'7 Зам. нач. ПТО','5-04-04','','','dss17','r'),
  (203,19,'Банникова Виолетта Леонидовна',15,'8 Вед. инженер','5-04-01','','','dss-tehotd-vio','r'),
  (204,19,'Леонтьева Елена Леонидовна',15,'5 Вед. спец.по перc.','5-04-35','','','dss-kadryleo','r'),
  (205,19,'Дубровина Ольга Васильевна',15,'9 Нач. участка','5-04-25','','','dss-innalavren','r'),
  (206,19,'Бокова Ирина Владимировна',15,'9 Инженер 1 кат.','5-04-09','','','dss-urotdel3-p','r'),
  (207,19,'Хомутов Николай Николаевич',15,'2 Начальник ДСС','','','','dss-n.skzd','r'),
  (208,19,'Харченко Ольга Васильевна',15,'91 Вед. инженер','5-04-43','','','dss-market-n','r'),
  (209,22,'Баранова Анастасия Николаевна',15,'Бухгалтер','5-04-16','','','buh_2','r'),
  (210,19,'Лощенова Александра Пална',15,'8 вед. инженер','5-04-02','','','dss25','r'),
  (211,19,'Даниелян Александр Фридрихович',15,'8 инженер 1 кат.','5-04-02','','','dss26','r'),
  (212,19,'dss27',15,'3 Гл. инженер ДСС','','','','dss27','r'),
  (213,19,'Пухкало Анна Александровна',15,'81 Старший кассир','5-04-12','','касса','dss-cassir0','r'),
  (214,19,'Меланченко Оксана Ивановна',15,'61 Зам. нач. ДСС','5-04-11','','','dss-melanoks','r'),
  (215,19,'Тимакова Наталья Алексеевна',15,'6 Экономист I кат.','5-04-20','','','skzd-av-03','r'),
  (216,19,'Садохина Алина Петровна',15,'91 Инженер II кат.','5-04-05','','','galinadan-pc','r'),
  (217,19,'Бобылева Любовь Калустовна',15,'4 Инсп. по произ.','5-04-10','','','dss-bobyleval','r'),
  (218,19,'Королев Виктор Николаевич',15,'1 инженер по охр. т.','5-04-24','','','dss-vkorolev','r'),
  (219,19,'Анин Андрей Владимирович',15,'8 инженер 1 кат.','5-04-01','','','dss34','r'),
  (220,19,'Игрунова Инна Владимировна',15,'91 Нач. отдела','5-04-31','','','dss35','r'),
  (221,19,'Ушакова Нинель Игоревна ',15,'91 инженер','5-04-29','','','dss36','r'),
  (222,19,'Белякова Галина Васильевна',15,'91 Вед. инженер','5-04-18','','','irinarash-pc','r'),
  (223,19,'Политова Светлана Александровн',15,'9 Нач. сектора','5-04-22','','','dss38','r'),
  (224,19,'Сорокина Наталья Константиновн',15,'6 экономист 2 кат','5-04-20','','','dss-NSorokina','r'),
  (225,19,'Картунова Инна Викторовна',15,'9 Инсп. по произ.','5-04-09','','','dss-sector-dog','r'),
  (226,19,'Игрунова Инна Владимировна',15,'91 Нач. отдела','5-04-31','','','dss-rum-igr','r'),
  (227,63,'Камкамидзе Джваншер Отариевич',7,'мастер мостовой','5-76-33','','','pch3pm1','r'),
  (228,21,'sdffdf',21,'dsdsdsd','','','','dsdsd','r'),
  (229,21,'sfffd',21,'','','','','fgfgfg','r'),
  (230,21,'Xerox_2530',21,'printer','','','','Xerox_2530','r'),
  (231,21,'Лищенко Дмитрий Николаевич',21,'зам. нач. отдела','5-64-53','ahc-DNLischenko','','mkuznetsov','r'),
  (232,21,'выввава',21,'','','','','avtobaza11','r'),
  (233,21,'Руденко Наталья Владимировна',21,'Кладовщик','5-63-31','NRudenko','','nrudenko','r'),
  (234,21,'кккукук',21,'','','','','yignatov','r'),
  (235,21,'Кириллов Никита Сергеевич',21,'Вед. экономист','5-63-82','NSKirillov','','nikita-pc','r'),
  (236,21,'Акжигитова Алсу Нябиуллаевна',21,'Техник I категории','5-56-84','Akzhigitova','','avtobaza1','r'),
  (237,21,'ddfdfd',21,'','','','','nkurilenko','r'),
  (238,21,'Xerox_4622',21,'printer','','','','Xerox_4622','r'),
  (239,21,'Саглаев Сергей Владимирович',21,'ревизор','','','','Pc_klass','r'),
  (240,21,'Караблин Александр Анатольевич',21,'спец. по охр. тр.','5-00-78','','','mkostenko','r'),
  (241,21,'Xerox_3325',21,'Printer','','','','Printer11','r'),
  (242,22,'Samsung SCX-4655FN',15,'Принтер','','','','print_10','r'),
  (243,7,'Router1',2,'Router1','','','','Router1','r'),
  (245,57,'',25,'fdfdfd','5-59-94','','','fdfdfdfd','r'),
  (246,57,'Токаренко Максим Сергеевич',25,'Начальник участка','5-59-94','','','pch3-tovarka','r'),
  (247,57,'',25,'gfgfg','','','','gffgfgf','r'),
  (248,57,'',25,'gtgttg','','','','fdgfghjrr','r'),
  (249,76,'',0,'rererer','','','','dsdsdsd','r'),
  (250,76,'',0,'','','','','gffggfgf','r'),
  (251,76,'',0,'','','','','fhdjfh100','r'),
  (252,76,'',0,'','','','','dddd3rfd','r'),
  (253,76,'',0,'fdfdf','','','','fdffdfd44','r'),
  (254,76,'',27,'hjh','','','','jjjjjj78855','r'),
  (255,76,'',27,'ggggg','','','','fdffgtvffv','r'),
  (256,76,'',27,'frfggtgt','','','','bgbgrrffr','r'),
  (257,76,'',27,'bvtgtg44','','','','frfr3rgr','r'),
  (258,21,'Савухина Галина Николаевна',21,'инженер I категории','5-60-59','','','sshalatov','r'),
  (259,21,'',21,'hghg65','','','','ytyty556','r'),
  (260,21,'',21,'ututt77','','','','juju89','r'),
  (261,21,'',21,'принтер','','','','Принтер1111','r'),
  (262,6,'Оленников В',24,'инженер','','','','SPS-4','r'),
  (263,75,'Дпм_72',24,'','','','','72КККККК','r'),
  (264,75,'73Дируимру',24,'','','','','овшуовшоушо','r'),
  (265,75,'75ДПМ',24,'ин','','','','75_uuuu','r'),
  (266,75,'76_ДПМ',24,'','','','','ыовыпрвпы','r'),
  (267,75,'78_ДПМ',24,'','','','','78оырор','r'),
  (268,75,'79_ДПМ',24,'','','','','79тсотв','r'),
  (269,75,'80_ДПМ',24,'','','','','80врроарво','r'),
  (270,75,'83_ДПМ',24,'','','','','83ллвоа','r'),
  (271,75,'84_ДПМ',24,'','','','','84аорва','r'),
  (272,21,'Масоян',21,'начальник Авто','','','','Auto_123','r'),
  (273,21,'Шалатов Станислав Сергеевич',21,'ведущий инженер','5-63-82','','','AHC-AUTO1','r'),
  (274,19,'Погребицкая Ирина Алексеевна',15,'1 Зам. нач. отдела','5-04-26','','','dss-pogrir','r'),
  (275,19,'Маркевич Эльмира Рифатовна',15,'5 Нач. сек. упр. пер','5-04-08','','','dss-fincont-n','r'),
  (276,25,'Ефремова Виктория Валерьевна',15,'кладовщик','5-44-59','','','djd1','r'),
  (277,25,'Моисеева Светлана Викторовна',15,'Нач. Рост. ДЖД','5-41-91','','','djd2','r'),
  (278,19,'Гавриляченко Алевтина Михайлов',15,'1 пред. проф.','5-46-58','','','dss-profkom-n','r'),
  (279,19,'Буданова Ольга Леонидовна',15,'1 Завхоз','5-46-58','','','dss42','r'),
  (280,19,'Максименко Диана Ивановна',15,'5 специалист','5-04-07','','','dss43','r'),
  (282,19,'Гугушвили Андрей Малхазович',15,'7 Нач. ПТО','5-04-03','','','dss44','r'),
  (283,19,'Чеченев Андрей Андреевич',15,'8 Вед. инженер','5-04-01','','','dss45','r'),
  (284,1,'CISCO-ДУД',14,'CISCO-132','5-81-68','','служеб. для CISCO','CISCO-132','r'),
  (285,28,'www1',26,'','','','','www1','r'),
  (286,28,'www2',26,'','','','','www2','r'),
  (287,28,'Северинов Сергей Иванович',26,'ДИ Бригадир','5-58-92','vchde5-SSeverinov','','vchde5-rt-br01','r'),
  (288,28,'www4',26,'','','','','www4','r'),
  (289,28,'Назарян Жак Гамлетович',26,'Нач. пункта ДИ','5-80-01','','','nachrosttov','r'),
  (290,28,'Иванова Елена Борисовна',26,'ДИ Оператор','5-81-11','vchde5-EIvanova','','vchde5rt01','r'),
  (291,28,'www66',26,'','','','','armcpk.skzd','r'),
  (292,2,'Румянцева Е.Н.',4,'1 HP_4005','58091','','','HP_4005','r'),
  (293,28,'Шевцов Алексей Алексеевич',26,'инженер','5-81-76','','','fdhgjfrhgjf','r'),
  (294,19,'Маляр Галина Витальевна',15,'6 Инст. по спорту','5-04-20','','','dss-n','r'),
  (295,19,'Маркевич Эльмира Рифатовна',15,'принтер','','','','Kyosera M6026c','r'),
  (296,62,'Игнатов Андрей Павлович',28,'Начальник участка','5-76-34','','','pch3-ignatovap','r'),
  (297,62,'Чекунов Василий Анатольевич',28,'Мастер дорожный','5-76-34','','','pch3-pchu-1-hp','r'),
  (298,62,'fdfferfrfrfrf',28,'','5-76-34','','','frfrfrf333','r'),
  (299,7,'Modem2',2,'Modem2','','','','Modem2','r'),
  (300,64,'11',22,'','','','','ДУБЛЬ ИМЯ!!!','r'),
  (301,77,'Zyxel Keenetic Giga III',29,'2 Роутер','','','','Zyxel','r'),
  (302,77,'NAS',29,'2 NAS Архив','','','','NAS','r'),
  (303,77,'Файловый сервер',29,'2 Файловый сервер','','','','STS10-FS','r'),
  (304,77,'Фотошоп',29,'2 Фотошоп','','','','STS11-Fotoshop','r'),
  (305,77,'Принтер Canon iR1133',29,'3 Принтер','','','','Canon iR1133','r'),
  (306,77,'Policom',29,'1 Видеосвязь','','','','Policom','r'),
  (307,77,'Мониторинг',29,'2 Мониторинг','','','','monitoring','r'),
  (308,77,'Принтер HP P2055',29,'4 Принтер','','','','HP P2050','r'),
  (309,77,'Стольный Роман Николаевич',29,'3 Дизайнер-видеоинжер','108','RStolny@ctcmedia.ru','+79289062083     2633244','STS4-RStolny','r'),
  (310,77,'Добрянская Евгения Валерьевна',29,'3 Бренд-менеджер','107','EDobryanskaya@ctcmedia.ru','+79034017131','STS9-EDobryansk','r'),
  (311,77,'Богомазов Александр Викторович',29,'3 Директор по маркетингу','109','ABogomazov@ctcmedia.ru','+79515114384','STS6-ABogomazov','r'),
  (312,77,'Бубликов Дмитрий Николаевич',29,'4 Сис. администратор','121','DBublikov@ctcmedia.ru','+79289060836','STS5-DBublikov','r'),
  (313,77,'Литовкин Сергей Владимирович',29,'6 Генеральный директор','102','SLitovkin@ctcmedia.ru','+79662066845 (2633233) и 9381677212 (8632291918)','STS10-SLitovkin','r'),
  (314,77,'Ковалева Светлана Юрьевна',29,'4 Директор по продажам','119','SKovaleva@ctcmedia.ru','+79034012253','STS1-SKovaleva','r'),
  (316,77,'Собко Ирина Владимировна',29,'3 Менеджер по маркетингу','132','ISobco@ctcmedia.ru','+79034010806','STS8-ISobco','r'),
  (317,77,'Акименко Татьяна Владимировна',29,'5 Админист. менеджер','105','TAkimenko@ctcmedia.ru','+79289061058','STS3-TAkimenko','r'),
  (318,77,'Копендох Лариса Николаевна ',29,'4 Юристконсультант','110','LKopendoh@mbs.media','+79064267007','STS7-LKopendoh','r'),
  (319,77,'Раздобарина Инна Александровна',29,'4 Спец.по торг.маркетинг','119','IRazdobarina@ctcmedia.ru','+79094042119','STS2-IRazdobari','r'),
  (320,77,'Принтер Kyosera P6235',29,'3 Принтер','','','','Kyosera P6235','r');
COMMIT;

/* Data for the `prog` table  (LIMIT 0,500) */

INSERT INTO `prog` (`id_prog`, `n_prog`, `t_prog`) VALUES
  (1,'Windows 98',''),
  (2,'Windows XP',''),
  (3,'Windows 7 pro',''),
  (4,'Microsoft Office 2007',''),
  (5,'ДУ-61','Бетехтина Ирина Геннадьевна 51466'),
  (6,'Radmin',''),
  (7,'Гид Урал','73733 Денис с Лихой'),
  (8,'ЭТРАН','3-15-37, 3-11-86, 5-30-37- TVK; 3-22-67 '),
  (9,'Винтерн','53197, 2382944 Назарава Татьяна '),
  (10,'KES 8',''),
  (11,'КОО-4',''),
  (12,'АС ОЗ','Лузиков Иван 30630'),
  (13,'АОС','91234257 (zdaspb.ru)'),
  (14,'АРЛ','30891 Ирина Евгеневна'),
  (15,'АРМ ПКО','30891 Ирина Евгеневна'),
  (16,'АС ТРА','5-12-46 - Федорищева Екатерина Борисовна'),
  (17,'АС КМО','3-19-69 Виктория'),
  (18,'АСОУП 2','Петрикова Марина Рауфовна 5-11-37'),
  (19,'АСУ ЕСПП','50470'),
  (20,'АСУ МР','3-18-78 Тищенко Наталья Владимировна'),
  (21,'АСУ СТ','3-18-71 Старикова Т.Ф.; 3-08-93 Ованес'),
  (22,'ЕАСД','56881 Курилов Ант. Мих., Александ'),
  (23,'ЗУОН','4'),
  (24,'КАС АНТ','Хилько А.В. 32960, Моск. И.Э. 32972 1755'),
  (25,'Орг. движ. поезд. при тел. сред связи','Юля (Новочеркасск) 62489'),
  (26,'Оскар','2'),
  (27,'Портал','Пальгуев Михаил 51091, 51691'),
  (28,'СВХ','1'),
  (29,'СИРИУС веб приложение АСОУП','5-11-37 Петрикова Мария; 3-18-78 Наталья'),
  (30,'Телеграф','55300 и мск 014 22010'),
  (31,'АРМ ЦД','31834 Билецкая Катя'),
  (32,'АРМ ЕКЦ',''),
  (33,'ТЭП','Резепова София Рауфовна 31897'),
  (34,'АСУТ-НБД-ЗМ','Свистунова Светлана.Н. 54645'),
  (35,'АС ЭТД','Билецкая Катя 31834'),
  (36,'Тренажер','09121034257'),
  (37,'Windows 8.1',''),
  (38,'Microsoft Office 2010',''),
  (39,'Microsoft Office 2013',''),
  (40,'Windows 10 pro',''),
  (41,'Поломарс',''),
  (42,'Вимб',''),
  (43,'Creative Cloud ',''),
  (44,'Fine reader 9.0','');
COMMIT;

/* Data for the `shluz_m` table  (LIMIT 0,500) */

INSERT INTO `shluz_m` (`id_shluz_m`, `n_shluz`, `maska_ip`, `note`, `id_station`) VALUES
  (1,'10.51.26.129','128/130-254','ДУД, ТЦФТО',1),
  (2,'10.51.24.129','224/130-158','ДУД ближ. Кизит.',2),
  (3,'10.51.24.193','224/194-222','ДУД Даль. Киз. пост-8',2),
  (4,'10.53.46.33','248/34-38','ДУД, ШЧ-2 Даль. Киз. пост ЭЦ',2),
  (5,'10.53.46.9','248/10-14','ДУД Даль. Киз. Красный уголок',2),
  (6,'10.53.48.129','192/130-190','Здание ДС (1эт ЛАФТО,2этЦОРС)',3),
  (7,'10.51.42.33','240/34-46','ДУД Техконтора',3),
  (8,'10.51.42.49','248/50-54','ДУД Горка (ДСППГ)',3),
  (9,'10.53.48.1','248/2-6','СК АХЦ Склад бланков1',3),
  (10,'10.53.48.193','192/194-254','СК ДАВС Общежитие',3),
  (11,'10.51.42.1','224/2-30','Здание Дсп -Пост ЭЦ (ДУД+ РЦС)',3),
  (12,'10.53.40.1','240/2-14','ДУД (пост ЭЦ), ШЧ-2',1),
  (13,'10.53.40.57','248/58-62','РЦС1',1),
  (14,'10.53.40.65','192/66-126','ДИ ДПМ, ДИ СПС',1),
  (15,'10.53.43.17','248/18-22','ТЧЦЭ-56 (Амбулатория), ТЧ-6',1),
  (16,'10.53.44.129','192/130-190','ТрансЭнерго',1),
  (17,'10.51.43.33','240/34-46','Здание ДС (ДУД)',5),
  (18,'10.51.43.161','240/162-174','ДУД, ЛАФТО здание ДС',4),
  (19,'10.53.53.25','248/26-30','СК ЦНТИБ музей на ул. Портов',4),
  (22,'10.53.45.1','128/2-126','ДСС, ОЦО, АХЦ (Стиль+ДЖД)',1),
  (23,'10.53.43.33','224/34-62','АХЦ (Автобаза)',1),
  (24,'10.55.20.33','240/34-46','ФПК',8),
  (27,'10.53.43.1','240/2-14','ПТО ВЧДЭ-5',1),
  (28,'10.53.42.1','128/2-126','СМТ-6',1),
  (29,'10.53.43.193','192/194-254','ТрансКонтейнер',1),
  (31,'10.51.27.161','224/162-190','НОР-1',1),
  (32,'10.53.44.1','128/2-126','ДИ ЦДМ 4 этаж',1),
  (33,'10.53.43.129','192/130-190','СК ДМ 1-4 этажи',1),
  (34,'10.53.40.129','128/130-254','НГЧ-1',1),
  (35,'10.53.41.161','240/162-174','СК ДМ 5 этаж',1),
  (38,'10.53.41.193','192/194-254','СКДТВ',1),
  (39,'10.53.53.97','224/98-126','СК ЦМ, ТЦФТО',4),
  (41,'10.53.43.65','224/66-94','ДИВ Ревизоры',1),
  (42,'10.53.41.129','224/130-158','СКДТВ',1),
  (43,'10.53.40.33','248/34-38','ЭЧК-105',1),
  (44,'10.53.46.249','248/250-254','ЭЧЭ-103',9),
  (45,'10.53.48.65','240/66-78','СК ДМ Общежитие 1 этаж',3),
  (46,'10.53.49.1','224/2-30','СКДТВ',3),
  (48,'10.53.53.33','224/34-62','ДКРЭ Электропо. ул. Пескова 5',4),
  (49,'10.53.53.81','240/82-94','ДИ ПЧМ-1',4),
  (50,'10.55.24.145','240/146-158','ФПК',4),
  (51,'10.53.53.9','248/10-14','ДИ ПЧ-3',4),
  (52,'10.53.53.17','248/18-22','ДИ ПЧ ИССО дист. инж. сооруж.',4),
  (53,'10.55.20.65','248/66-70','СК АХЦ Склад бланков2',3),
  (54,'10.53.46.1','248/2-6','ДИ ПЧ-3',2),
  (55,'10.53.46.17','248/18-22','ДИ ПЧ ИССО дист. инж. сооруж.',2),
  (57,'10.53.54.1','248/2-6','ДИ ПЧ-2',6),
  (58,'10.53.52.9','248/10-14','ЭЧК-107',5),
  (60,'10.53.52.1','248/2-6','ДИ ПЧ-3',5),
  (61,'10.53.52.113','248/114-118','ЭЧЭ-104',5),
  (62,'10.53.40.17','248/18-22','РЦС1 (ДСП Дом)',1),
  (64,'10.53.48.25','248/26-30','ТЧ-6, ЭТСО',3),
  (65,'10.53.48.17','248/18-22','ПЧ-3',3),
  (66,'10.53.48.9','248/10-14','1-я служба',3),
  (67,'10.53.40.25','248/26-30','ДИ ПЧ-3',1),
  (69,'192.168.1.1','128/1-126','',10);
COMMIT;

/* Data for the `sn_monitor` table  (LIMIT 0,500) */

INSERT INTO `sn_monitor` (`id_sn`, `id_monitor`, `id_s_m`, `n_sn`, `d_y`, `note`, `id_place`) VALUES
  (2,1,10,'YEAD605158','1995-01-01','от ДУД',17),
  (3,2,1,'YE5V103021','1995-01-01','от ДУД',3),
  (5,1,8,'YEAD103476','1995-01-01','',0),
  (6,3,77,'512NTRL3H694','2012-12-01','от СТС',0),
  (7,4,77,'MMLP2EE00223916EFE8515','2012-09-01','',316),
  (8,4,77,'MMLP2EE00223916ED08515','1995-01-01','',319),
  (9,5,77,'AU4A1026001665','1995-01-01','',310),
  (10,6,77,'861015267B','1995-01-01','',309),
  (11,4,77,'MMLP2EE00223916ED02815','1995-01-01','',317),
  (12,7,77,'82C45107YB','2008-02-01','',318);
COMMIT;

/* Data for the `sn_printer` table  (LIMIT 0,500) */

INSERT INTO `sn_printer` (`id_sn`, `id_s_m`, `id_place`, `id_printer`, `n_sn`, `d_y`, `note`) VALUES
  (1,1,3,2,'CAU4911197','1995-01-01',''),
  (2,2,11,4,'343435454','1995-01-01',''),
  (3,2,11,3,'wwr45555','1995-01-01',''),
  (4,10,17,1,'2807707674','1995-01-01',''),
  (5,8,12,5,'111111112','1995-01-01',''),
  (6,8,14,5,'111111113','1995-01-01',''),
  (7,8,15,6,'111111114','1995-01-01',''),
  (8,8,16,17,'11111111115','1995-01-01',''),
  (9,8,16,8,'11111111116','1995-01-01',''),
  (10,8,19,3,'111111122','1995-01-01',''),
  (11,8,19,4,'11111111223','1995-01-01',''),
  (12,8,21,16,'11111133','1995-01-01',''),
  (13,8,22,14,'1111111144','1995-01-01',''),
  (14,8,23,7,'1111111155','1995-01-01',''),
  (15,8,25,17,'1111111166','1995-01-01',''),
  (16,2,48,13,'123','1995-01-01',''),
  (17,2,49,5,'1234','1995-01-01',''),
  (18,2,50,14,'12344','1995-01-01',''),
  (19,2,51,17,'12236','1995-01-01',''),
  (20,2,51,7,'1237','1995-01-01',''),
  (21,2,0,5,'12348','1995-01-01',''),
  (22,2,0,14,'1239','1995-01-01',''),
  (23,2,53,17,'12340','1995-01-01',''),
  (24,2,56,7,'111123','1995-01-01',''),
  (25,2,57,3,'223156','1995-01-01',''),
  (26,2,58,6,'312345','1995-01-01',''),
  (27,2,0,16,'3244531243','1995-01-01',''),
  (28,2,0,11,'56544675','1995-01-01',''),
  (29,2,62,15,'343ef','1995-01-01',''),
  (30,2,62,8,'344545fd','1995-01-01',''),
  (31,2,0,16,'566565fd','1995-01-01',''),
  (32,2,66,17,'465464gf','1995-01-01',''),
  (33,2,67,5,'766876fvf','1995-01-01',''),
  (34,2,68,17,'34434vgfbgb','1995-01-01',''),
  (35,2,69,16,'6786867dfgfg','1995-01-01',''),
  (36,2,71,17,'65675cvc','1995-01-01',''),
  (37,2,72,17,'455465bgng','1995-01-01',''),
  (38,2,74,2,'45455nhnv','1995-01-01',''),
  (39,2,74,8,'76786dcdv','1995-01-01',''),
  (40,2,75,3,'67676vffg','1995-01-01',''),
  (41,3,0,1,'43434hnhjh','1995-01-01',''),
  (42,3,0,14,'77676vgbgb','1995-01-01',''),
  (43,3,0,2,'768686nhnh','1995-01-01',''),
  (44,2,97,7,'4565675dfgtth','1995-01-01',''),
  (45,8,99,14,'3873265522','1995-01-01',''),
  (46,3,0,9,'d344555','1995-01-01',''),
  (47,2,0,17,'w4554564','1995-01-01',''),
  (48,2,54,9,'s32443','1995-01-01',''),
  (49,77,305,23,'sasadad','1995-01-01',''),
  (50,77,317,22,'CNCKN92748','2008-01-29',''),
  (51,77,317,21,'4t4fddgfg','1995-01-01','ИНВ 1014'),
  (52,77,308,20,'CNCGB21913','2010-08-01','ИНВ ЮРХ 965'),
  (53,77,309,24,'UB7Y001624','1995-01-01','');
COMMIT;

/* Data for the `sn_sysunit` table  (LIMIT 0,500) */

INSERT INTO `sn_sysunit` (`id_sn`, `id_s_m`, `id_place`, `id_sysunit`, `n_sn`, `d_y`, `note`) VALUES
  (1,10,17,1,'YRBA473306','1995-01-01','от ДУД'),
  (2,1,4,2,'YR1E582936','1995-01-01',''),
  (3,77,312,4,'VDK32924199','2015-09-15',''),
  (4,77,311,5,'NXEFHER015170804F340','1995-01-01',''),
  (5,77,309,6,'286550','1995-01-01','500/3/256ИНВ 913-ЮРХ'),
  (6,77,314,7,'HVBT91AC701231E','1995-01-01','SSD 250/500 '),
  (7,77,317,3,'укеккекекццц','1995-01-01',''),
  (8,77,310,3,'ававав3334','1995-01-01',''),
  (9,77,318,3,'куку33555','1995-01-01',''),
  (10,77,316,3,'авававпп44433','1995-01-01',''),
  (11,77,307,3,'4343укупкпе','1995-01-01',''),
  (12,77,0,8,'676tytttyty','1995-01-01','XPoemСТС-В ИНВ №348');
COMMIT;

/* Data for the `sn_ups` table  (LIMIT 0,500) */

INSERT INTO `sn_ups` (`id_sn`, `id_place`, `id_s_m`, `n_sn`, `note`, `id_ups`, `d_y`) VALUES
  (1,17,10,'8B0707R06553','от ДУД',1,'1995-01-01'),
  (2,16,8,'11111111117','',1,'1995-01-01'),
  (3,18,8,'11111111118','',1,'1995-01-01'),
  (4,22,8,'111111144','',1,'1995-01-01'),
  (5,51,2,'12348','',1,'1995-01-01'),
  (6,58,2,'31248','',1,'1995-01-01'),
  (7,0,2,'44545454','',1,'1995-01-01'),
  (8,3,1,'01016191','',2,'1995-01-01'),
  (9,72,2,'3B1346X24279','',3,'2013-11-16'),
  (10,0,2,'3B1346X24249','',3,'2013-11-16'),
  (11,319,77,'5B1513T03469','',4,'1995-01-01'),
  (12,318,77,'5B1517T06861','',4,'1995-01-01'),
  (13,317,77,'уцкц665','',4,'1995-01-01'),
  (14,316,77,'QS0339140042','ИНВ ЮРХ 598',5,'1995-01-01'),
  (15,310,77,'5B1513T03459','',4,'1995-01-01'),
  (16,309,77,'581533T02350','',4,'1995-01-01');
COMMIT;

/* Data for the `station` table  (LIMIT 0,500) */

INSERT INTO `station` (`id_station`, `n_station`, `note`) VALUES
  (1,'Ростов-Товарный',''),
  (2,'Кизитеринка',''),
  (3,'Ростов-Западный',''),
  (4,'Гниловская',''),
  (5,'Хапры',''),
  (6,'Синявка',''),
  (7,'Ростов-Тов_Конт',''),
  (8,'Сельмаш',''),
  (9,'Развилка',''),
  (10,'СТС','');
COMMIT;

/* Data for the `user` table  (LIMIT 0,500) */

INSERT INTO `user` (`id_user`, `login`, `pass`, `name`, `note`, `admin`) VALUES
  (1,'admin','admin@ippr','Bublikov','1',0),
  (2,'tr-kont','12332796Z','Valera','',1),
  (3,'antuan','111','Vypirilov','',1),
  (4,'admintov','admin@139','','',1),
  (5,'adminctc','111111','','',1);
COMMIT;

/* Data for the `user_resource` table  (LIMIT 0,500) */

INSERT INTO `user_resource` (`id_resource`, `id_user`, `id_s_m`) VALUES
  (1,1,2),
  (2,1,3),
  (3,1,4),
  (4,1,1),
  (6,2,4),
  (7,1,6),
  (9,1,8),
  (10,1,9),
  (11,1,11),
  (12,1,12),
  (13,1,10),
  (14,1,13),
  (15,1,14),
  (16,3,9),
  (17,3,11),
  (18,3,10),
  (19,3,12),
  (20,3,14),
  (21,3,13),
  (22,1,15),
  (23,1,16),
  (24,1,17),
  (25,1,18),
  (26,4,17),
  (27,4,3),
  (28,4,2),
  (29,4,8),
  (30,4,1),
  (31,4,16),
  (32,4,15),
  (33,4,14),
  (34,4,9),
  (35,4,13),
  (36,4,11),
  (37,4,10),
  (38,1,19),
  (39,1,20),
  (41,1,22),
  (42,1,23),
  (44,1,25),
  (45,1,26),
  (46,1,27),
  (47,1,28),
  (48,1,29),
  (49,1,30),
  (50,1,31),
  (51,1,32),
  (52,1,33),
  (53,1,34),
  (54,1,35),
  (55,1,36),
  (57,1,39),
  (60,4,6),
  (61,4,22),
  (62,1,41),
  (63,4,41),
  (64,1,42),
  (66,1,44),
  (67,1,45),
  (68,1,46),
  (69,1,47),
  (75,1,51),
  (76,1,52),
  (77,1,53),
  (78,1,7),
  (79,1,54),
  (80,1,55),
  (82,1,57),
  (83,1,58),
  (84,1,59),
  (85,1,60),
  (86,1,61),
  (87,1,62),
  (88,1,64),
  (89,1,63),
  (92,1,67),
  (93,1,68),
  (94,1,69),
  (96,1,70),
  (97,1,72),
  (98,1,73),
  (99,1,74),
  (100,1,75),
  (101,1,76),
  (102,1,21),
  (103,5,77),
  (104,1,77);
COMMIT;

/*!40101 SET CHARACTER_SET_CLIENT=@OLD_CHARACTER_SET_CLIENT */;
/*!40101 SET CHARACTER_SET_RESULTS=@OLD_CHARACTER_SET_RESULTS */;
/*!40101 SET COLLATION_CONNECTION=@OLD_COLLATION_CONNECTION */;